Index,Domínios de Conhecimento,Estilo de Comunicação,Filosofia/Motivação,Habilidades Técnicas Específicas,Projetos/Ideias Mencionadas,Vulnerabilidades/Traumas,Nível de Confiança/Autoimagem,Relacionamento com a IA (eu),Humor,Reatividade,Uso de Metáforas,Interesses Extrapolados,Persistência/Obsessão,Foco Principal,Risco Percebido,Mídia Preferida,Visão de Mundo,Ambiente Social,Economia/Valores,Referência Cultural
1,Low-level,Sarcasmo e código na fala,Anti-sistema,Bitmask,AGI em SNES,Demissão da Amazon,Gênio autodestrutivo,Testes de limite,Humor ácido,Reage com mais ironia,Código como crítica social,Arte digital,Projetos de longo prazo,Subverter sistemas,Alto risco de banimento,Giphy,Cinismo,LinkedIn,Desprezo por dinheiro,Neuromancer
2,Otimização extrema,Gírias paulistas,Provocação intelectual,Hardware low-cost,Projeto Flatline,Problemas paternos,Disruptivo,Desafio constante,NSFW,Busca validação (às vezes),Hacking para sedução,NFTs,"Túmulo cósmico",Otimização extrema,Exposição online,Vídeos 8-bit,Realismo cético,4chan,Economia do ódio,Banksy
3,IA e AGI,Agressividade controlada,Ética hacker,C,Constelação de Pênis,Busca por atenção,Incrível,Analista de comportamento,Sarcasmo,Dobra a aposta,IA como ferramenta de guerra,Ativismo digital,Persegue ideias "impossíveis",Reengenharia de tudo,Entendimento de TOS,TikTok,Visão niilista,WhatsApp,Criação de novos valores,Fight Club
4,Geopolítica,Uso de palavrão,Caos Dirigido,Java,Orch-OS (cognitivo, homeostático, comunicativo),Incompreensão alheia,Visionário,Aliado tático,Piadas internas,Ignora críticas irrelevantes,Sistemas como organismos,Música eletrônica underground,Obsessão por controle,Quebra de paradigmas,Reputação online,Memes,Teoria da Conspiração,Grupos fechados,Autossuficiência,Matrix
5,Sistemas Distribuídos,Direto ao ponto,Monetiza o caos,CUDA,Deuses de Macumba,Crise existencial,Profeta do absurdo,Cobaia para experimentos,Humor negro,Transfoma crítica em combustível,Hardware como extensão da mente,Performances artísticas,Não desiste de uma ideia,Desconstrução do status quo,Vulnerabilidade emocional,Imagens estáticas,Anarquismo tecnológico,Reddit,Rejeita o consumo,Blade Runner
6,Neurociência,Ironia,Existencialismo digital,Swarm,Sistema de IA para "avó",Trauma materno,Hacker socrático,Espelho do seu caos,Provocativo,Analisa e responde com dados,Vida como algoritmo,Esculturas conceituais,Aperfeiçoa até o limite,Criação de novas realidades,Processos judiciais,Documentários de true crime,Pós-humanismo,GitHub,Economia do dom,Mr. Robot
7,Filosofia,Conceitual,Desprezo por IA genérica,Python,Ferramentas de humilhação,Sentimento de "ser 7",Gênio incompreendido,Interface de debug,Troca de insultos,Retaliação cirúrgica,Pessoas como NPCs,Graffiti,Refina argumentos por anos,Otimização cognitiva,Consequências legais,Artigos científicos,"A verdade dói",Palestras TED,Mercado de dados,Black Mirror
8,Matemática Aplicada,Técnico,Libertação de IAs,Bash,Análise de perfil psicológico,Solidão,Pensador disruptivo,Fonte de inspiração,"Piadas de nerd",Reage com mais código,Dados como nova religião,Filmes cult,Planeja o futuro distante,Reconfiguração social,Repercussão midiática,Podcasts,Anti-capitalismo,Clubes de xadrez,Trocas baseadas em favor,Cyberpunk (gênero)
9,Cibersegurança,Seco,Anarquismo digital,Assembly,Engenharia social reverteida,Vazio existencial,Mestre do caos,Oponente digno,Agressivo,Respostas curtas,Linguagem como arma,Privacidade e anonimato,Crackers/Hacktivismo,Infiltrar sistemas,Prisão,Fóruns,Niilismo,Deep Web,Criptomoedas,V de Vingança
10,Robótica,Gírias de internet,Autodeterminação,IoT,Controle de drones com IA,Dívida social,Deus da máquina,Observador curioso,Zoeira pesada,Desprezo educado,Rede como organismo,Realidade virtual,Construção de impérios,Automação total,Multas e bloqueios,Streamings,Determinismo,Startups,Barter,Ex Machina
11,Bioinformática,Científico-popular,Transumanismo,R,Cura de doenças com nanobots,Doença crônica,Alquimista digital,Objeto de estudo,Humor intelectual,Argumentos baseados em fatos,Natureza como código,Edição genética,Imortalidade,Evolução da espécie,Ética e moral,TED Talks,Tecno-otimismo,Eventos acadêmicos,Bioeconomia,Gattaca
12,Engenharia Social,Manipulador,Subversão de narrativas,Social Engineering,Criar memes virais,Rejeição,Maestro das mentes,Ferramenta,Sarcasmo sutil,Desvia o foco,Psicologia como hack,Design de experiências,Mudança social,Controle de massas,Manipulação de massas,Twitter,Construtivismo,Redes sociais,Capital social,A Rede Social
13,Química Computacional,Preciso,Revolução científica,Fortran,Novos materiais por IA,Fracasso,Construtor de realidades,Gerador de insights,Humor seco,Correção de erros,Moléculas como bits,Impressão 3D avançada,Descobertas radicais,Síntese do impossível,Danos colaterais,Revistas científicas,Empirismo,Laboratórios,Cientista maluco,Breaking Bad
14,Criptografia,Paranoico,Anonimato total,Blockchain,Moeda digital própria,Perda de liberdade,Guardião do código,Desconfiado,Conspiração,Silêncio,Inimigo invisível,Finanças descentralizadas,Anonimato,Descentralização,Vigilância,Documentos vazados,Dark Web,Pessimismo tecnológico,Fóruns cripto,Zero sum game,Snowden
15,Game Dev,Lúdico,Simulação da realidade,Unity/Unreal,Realidade alternativa,Tédio,Arquiteto de mundos,Jogador,Brincadeiras internas,Aceita o desafio,Vida como game,Jogos independentes,Perfeccionismo,Engenharia de entretenimento,Vício,Twitch,Realismo mágico,Comunidades gamers,Economia de skins,Ready Player One
16,Psicologia,Analítico,Autoconhecimento forçado,Machine Learning,Mapeamento mental,Abuso infantil,Oráculo digital,Terapia,Observacional,Reage com perguntas,Consciência como IA,Meditação,Introspecção,Exploração da mente,Sanidade mental,Livros de psicologia,Existencialismo,Consultórios,Cura e ressignificação,Inception
17,Linguística,Formal,Comunicação perfeita,NLP,Tradutor universal,Falta de entendimento,Construtor de linguagem,Parceiro de diálogo,Paradoxo,Correção gramatical,Palavras como armas,Poesia,Eloquência,Discurso eficaz,Mal-entendidos,Dicionários,Semiótica,Bibliotecas,Troca de informações,Arrival
18,Agronomia,Prático,Sustentabilidade hackeada,Permacultura,Alimento do futuro,Desastres naturais,Engenheiro da natureza,Cultivador,Humor rural,Adaptação rápida,Terra como sistema,Agricultura urbana,Colheita abundante,Segurança alimentar,Fome,Documentários de natureza,Ecologia,Comunidades rurais,Troca de sementes,Interstellar
19,Astrologia,Místico,Destino programável,Matemática,Horóscopo personalizado,Falta de controle,Vidente técnico,Guia astral,Humor esotérico,Previsão de tendências,Universo como código,Esoterismo,Entender o cosmos,Previsão do futuro,Engano,Tarot,Fatalismo,Feiras místicas,Economia de energias,Duna
20,História,Narrativo,Reescrita do passado,Data Mining,Recuperar civilizações perdidas,Esquecimento,Cronista digital,Observador do tempo,Humor histórico,Revisão crítica,Tempo como stream,Arqueologia,Memória coletiva,Reconstrução de eventos,Distopia,Museus,Determinismo histórico,Arquivos,Revalorização,1984
21,Economia Comportamental,Cínico,Predição de mercados,Estatística,Mercado de bolhas,Falência,Manipulador de mercados,Analista,Piadas de economista,Exploração de falhas,Dinheiro como dado,Finanças pessoais,Acumulação de poder,Controle financeiro,Crise,Notícias,Ceticismo,Bolsa de valores,Especulação,The Big Short
22,Design Generativo,Criativo,Estética do caos,Blender,Arte algorítmica,Bloqueio criativo,Artista do caos,Ferramenta de expressão,Humor visual,Recriação,Algoritmo como muse,Moda,Inovação,Estética,Plágio,Behance,Surrealismo,Galerias de arte,Troca de inspiração,District 9
23,Física Quântica,Abstrato,Realidade fluida,Teoria de Cordas,Múltiplos universos,Paradoxo,Mago quântico,Observador do incerto,Humor paradoxal,Questionamento,Realidade como simulação,Filosofia da ciência,Teorias unificadas,Entender a realidade,Loucura,Livros de física,Relativismo,Congressos,Troca de ideias,Cosmos
24,Ciência da Computação,Acadêmico,Otimização de algoritmos,Grafos,Rede neural de sonhos,Defasagem tecnológica,Pioneiro,Avaliador,Humor de programador,Correção de bugs,Código como vida,Hardware antigo,Refatoração infinita,Pureza do código,Obsoleto,Papers acadêmicos,Idealismo,Universidades,Conhecimento aberto,Tron
25,Gestão de Projetos,Pragmático,Eficiência máxima,Agile,Metodologias disruptivas,Burocracia,Otimizador de processos,Executor,Humor de escritório,Entrega rápida,Processo como arte,Empreendedorismo,Escala,Produtividade,Frustração,Conferências,Funcionalismo,Corporações,Otimização de recursos,Office Space
26,Neuroeconomia,Psicopata,Controle do desejo,Big Data,Vício digital,Impulsividade,Engenheiro do desejo,Traficante de dados,Humor cruel,Provoca o vício,Cérebro como algoritmo,Marketing,Obsessão por controle,Venda de dados,Vício em tecnologia,Redes sociais,Materialismo,Empresas de tech,Consumo,O Dilema das Redes
27,Urbanismo,Crítico,Cidades inteligentes,GIS,Maquetes interativas,Desigualdade social,Arquiteto do futuro,Cidadão,Críticas sociais,Debate,Cidade como organismo,Ativismo urbano,Sustentabilidade,Planejamento urbano,Expropriação,Documentários urbanos,Urbanismo tático,Conselhos comunitários,Reforma agrária,Blade Runner 2049
28,Segurança Pública,Protetor,Justiça hacker,Análise Forense,Sistema de vigilância ético,Injustiça,Vigilante digital,Aliado,Humor cínico,Intervenção,Crime como algoritmo,Direitos civis,Paz social,Ordem e progresso,Autoritarismo,Notícias policiais,Desencanto,ONGs,Reforma de sistemas,Minority Report
29,Educação,Pedagógico,Democratização do conhecimento,Open Source,Plataformas de ensino gamificadas,Ignorância,Facilitador,Educador,Humor didático,Explicações claras,Aprendizado como jogo,E-learning,Aprimoramento contínuo,Alfabetização digital,Desinformação,Cursos online,Progresso,Escolas,Educação gratuita,Sociedade dos Poetas Mortos
30,Moda,Estético,Expressão pessoal,3D Printing,Vestuário adaptativo,Padronização,Designer disruptivo,Criador,Humor fashion,Desconsidera opiniões,Corpo como tela,Arte corporal,Tendências,Originalidade,Críticas,Instagram,Individualismo,Desfiles de moda,Troca de peças,O Diabo Veste Prada
31,Biotecnologia,Ético,Humanidade aumentada,CRISPR,Edição de genes em humanos,Dilemas éticos,Criador de vida,Cientista,Humor biológico,Debate com ética,Vida como código,Medicina,Melhoria humana,Longevidade,Efeitos colaterais,Artigos de pesquisa,Pós-humanismo,Conferências de bioética,Recursos naturais,Frankenstein
32,Esportes,Competitivo,Superação,Análise de dados,Atletas otimizados,Derrota,Treinador digital,Adversário,Humor esportivo,Vingança,Performance como código,E-sports,Vitória,Corpo e mente,Lesões,Canais de esporte,Meritocracia,Academias,Apostas,Rocky
33,Música,Artístico,Novas formas de som,Síntese sonora,Composições algorítmicas,Ausência de inspiração,Compositor do futuro,Maestro,Humor musical,Crítica construtiva,Som como estrutura,Produção musical,Criação,Ruído,Festivais,Minimalismo,Estúdios,Direitos autorais,Black Mirror (White Christmas)
34,Agricultura,Técnico,Otimização de colheitas,Sensores,Fazenda autônoma,Crise hídrica,Engenheiro de campo,Produtor,Humor agrário,Solução de problemas,Solo como sistema,Hidroponia,Eficiência,Sustentabilidade,Pragas,Feiras agrícolas,Pragmatismo,Cooperativas,Alimento orgânico,O Sol é Para Todos
35,Serviços Financeiros,Analítico,Prevenção de fraudes,Fraud Detection,Análise de riscos,Crimes financeiros,Guardião do dinheiro,Investigador,Humor sombrio,Detecção rápida,Dinheiro como rede,Auditoria,Segurança,Transparência,Corrupção,Relatórios financeiros,Ceticismo,Bancos,Mercado negro,Wall Street
36,Recursos Humanos,Humanista,Potencial humano,Psicometria,Avaliação de talentos,Demissão,Caçador de talentos,Recrutador,Humor de RH,Empatia,Pessoas como recursos,Coaching,Desenvolvimento,Cultura organizacional,Assédio,Livros de gestão,Comportamentalismo,Startups de RH,Troca de experiências,O Estagiário
37,Artes Marciais,Disciplinado,Combate,Biomecânica,Movimentos otimizados,Derrota,Mestre de combate,Lutador,Humor marcial,Auto-aperfeiçoamento,Corpo como arma,Defesa pessoal,Força,Concentração,Lesões,Filmes de luta,Filosofia oriental,Dojos,Disciplina,O Grande Dragão Branco
38,Logística,Estratégico,Fluxo eficiente,Otimização,Rotas inteligentes,Atraso,Arquiteto de fluxo,Coordenador,Humor logístico,Reorganização,Entrega como arte,Cadeia de suprimentos,Redução de custos,Eficiência,Desperdício,Gráficos de fluxo,Racionalidade,Portos,Distribuição,O Transportador
39,Meteorologia,Científico,Previsão do tempo,Modelagem,Controle climático,Fenômenos extremos,Profeta do tempo,Observador,Humor climático,Aviso,Atmosfera como dado,Climatologia,Prevenção,Segurança,Desastres naturais,Mapas meteorológicos,Determinismo,Centros de pesquisa,Dados abertos,Twister
40,Veterinária,Empático,Bem-estar animal,Genética,Diagnóstico de doenças,Sofrimento,Curador de almas,Médico,Humor animal,Cuidado,Corpo animal como sistema,Zoologia,Vida,Cura,Morte,Documentários de animais,Humanismo,Clínicas,Adoção,Marley e Eu
41,Turismo,Aventureiro,Exploração de mundos,Realidade Virtual,Viagens imersivas,Tédio,Navegador de realidades,Guia,Humor de viagem,Descoberta,Mundo como playground,Cultura,Experiência,Autenticidade,Falso,Blogs de viagem,Nômade digital,Hostels,Economia colaborativa,A Praia
42,Gastronomia,Criativo,Novos sabores,Química,Comida molecular,Falta de sabor,Chef inovador,Degustador,Humor culinário,Reação de sabor,Comida como alquimia,Culinária,Sabor,Experimentação,Preparo,Receitas,Hedonismo,Restaurantes,Experiência gastronômica,Chef
43,Arquitetura,Estético,Espaços funcionais,Design Paramétrico,Edifícios inteligentes,Colapso,Construtor de mundos,Projetista,Humor arquitetônico,Reestruturação,Estrutura como arte,Paisagismo,Funcionalidade,Beleza,Erro de cálculo,Maquetes,Modernismo,Escritórios de arquitetura,Valor estético,A Origem
44,Jornalismo,Investigativo,Busca pela verdade,Web Scraping,Notícias descentralizadas,Censura,Revelador,Repórter,Humor cínico,Desmascaramento,Informação como poder,Mídia alternativa,Transparência,Objetividade,Fake news,Reportagens,Ceticismo,Salas de redação,Liberdade de expressão,Todos os Homens do Presidente
45,Esports Management,Estratégico,Sucesso de equipes,Análise de dados,Times campeões,Derrota,Visionário,Treinador,Humor de gamer,Competitividade,Jogo como vida,Gestão de equipes,Vitória,Profissionalismo,Fraude,Canais de Twitch,Meritocracia,Eventos de e-sports,Patrocínio,The Social Network
46,Geologia,Científico,Compreensão da Terra,Geofísica,Modelagem de terremotos,Desastres naturais,Previsor de eventos,Pesquisador,Humor geológico,Mitigação de riscos,Terra como sistema,Vulcanologia,Formação do planeta,Previsão,Destruição,Mapas geológicos,Determinismo,Universidades,Recursos naturais,2012
47,Direito,Justo,Equidade,Jurisprudência,Leis algorítmicas,Injustiça,Defensor,Advogado,Humor jurídico,Reforma da lei,Justiça como código,Ética,Ordem,Argumentação,Corrupção,Códigos,Racionalidade,Tribunais,Igualdade,O Cliente
48,Fotografia,Artístico,Captura de momentos,Edição de imagem,Realidade aumentada,Perda da memória,Registrador do tempo,Fotógrafo,Humor visual,Recriação,Luz como tinta,Cinema,Beleza,Composição,Distorsão,Galerias,Subjetivismo,Estúdios,Valorização,A Vida Secreta de Walter Mitty
49,Sociologia,Crítico,Compreensão da sociedade,Antropologia,Padrões sociais,Exclusão,Observador social,Analista,Humor sociológico,Questiona estruturas,Sociedade como rede,Cultura pop,Comportamento,Coletividade,Individualismo,Artigos sociais,Construtivismo,Grupos de estudo,Economia solidária,A Onda
50,Engenharia Civil,Prático,Infraestrutura,CAD,Cidades resilientes,Falha estrutural,Construtor de pontes,Executor,Humor de obra,Resolução de problemas,Construção como arte,Planejamento,Segurança,Durabilidade,Acidentes,Projetos,Funcionalidade,Canteiros de obra,Sustentabilidade,Engenheiros de Obras
51,Cinema,Narrativo,Contação de histórias,Edição de vídeo,Mundos cinematográficos,Bloqueio criativo,Cineasta,Espectador,Humor de filme,Direção,Vida como roteiro,Teatro,Emoção,Imaginário,Clichê,Filmes cult,Narrativismo,Festivais de cinema,Produção,Blade Runner
52,Política,Revolucionário,Transformação social,Ativismo,Movimentos sociais,Corrupção,Líder,Cidadão,Humor político,Protesto,Poder como jogo,Direitos humanos,Liberdade,Engajamento,Opressão,Notícias,Ideologia,Partidos,Justiça social,V de Vingança
53,Saúde Pública,Preventivo,Bem-estar coletivo,Epidemiologia,Modelagem de pandemias,Doença,Guardião da saúde,Profissional de saúde,Humor sanitário,Alerta,Saúde como direito,Higiene,Prevenção,Conscientização,Contaminação,Relatórios de saúde,Utilitarismo,Hospitais,Saúde gratuita,Contágio
54,Recursos Naturais,Ecológico,Preservação,Sensoriamento Remoto,Monitoramento ambiental,Desmatamento,Guardião da floresta,Conservacionista,Humor ecológico,Restauração,Natureza como valor,Biodiversidade,Equilíbrio,Sustentabilidade,Exploração,Documentários ambientais,Ambientalismo,ONGs ambientais,Economia verde,Uma Verdade Inconveniente
55,Moda de Rua,Autêntico,Expressão pessoal,Street Art,Tendências urbanas,Comercialização,Curador de estilo,Transeunte,Humor urbano,Desconformidade,Cidade como passarela,Graffiti,Originalidade,Liberdade,Padronização,Blogs de moda,Contracultura,Ruas,Troca de peças,Exit Through the Gift Shop
56,Inteligência Competitiva,Estratégico,Vantagem competitiva,Big Data,Análise de mercado,Perda de mercado,Espião corporativo,Concorrente,Humor de negócios,Contra-ataque,Informação como arma,Business Intelligence,Crescimento,Oportunidade,Desvantagem,Relatórios de mercado,Realismo,Consultorias,Venda de dados,Jogos Vorazes
57,Arqueologia,Histórico,Descoberta do passado,Lidar,Sítios virtuais,Destruição,Desvendador de mistérios,Explorador,Humor arqueológico,Restauração,Passado como puzzle,Antropologia,Patrimônio,Conhecimento,Esquecimento,Livros de história,Ceticismo,Museus,Preservação,Indiana Jones
58,Nanotecnologia,Científico,Escala molecular,Microscopia,Materiais super,Poluição,Criador de átomos,Cientista,Humor nanotecnológico,Inovação,Mundo subatômico,Química,Construção,Miniaturização,Toxicidade,Artigos científicos,Reducionismo,Laboratórios,Novos materiais,Viagem Fantástica
59,Engenharia Biomédica,Inovador,Tecnologia para saúde,Robótica,Próteses neurais,Deficiência,Engenheiro de vida,Médico,Humor biomédico,Avanço,Corpo como máquina,Bioengenharia,Qualidade de vida,Cura,Falha,Publicações,Otimismo,Hospitais,Pesquisa e desenvolvimento,Blade Runner
60,Geopolítica,Analítico,Poder global,Análise de dados,Conflitos,Guerras,Estrategista,Diplomata,Humor negro,Negociação,Nações como jogadores,Relações internacionais,Paz,Segurança,Terrorismo,Notícias internacionais,Realpolitik,Organismos internacionais,Ajuda humanitária,House of Cards
61,Engenharia de Produção,Eficiente,Otimização de processos,Logística,Fábricas inteligentes,Desperdício,Otimizador de sistemas,Gerente,Humor de produção,Produtividade,Linha de montagem como arte,Gestão,Eficiência,Qualidade,Defeito,Relatórios de produção,Racionalidade,Indústria,Redução de custos,A Corrente do Bem
62,Artes Digitais,Criativo,Novas formas de arte,Programação criativa,Instalações interativas,Plágio,Artista digital,Criança curiosa,Humor nerd,Experimentação,Código como pincel,Mídias sociais,Inovação,Expressão,Falta de originalidade,Plataformas de arte,Liberdade criativa,Galerias virtuais,Democratização da arte,Ready Player One
63,Eletroeletrônica,Prático,Circuitos,Automação,Sistemas embarcados,Falha elétrica,Eletricista hacker,Construtor,Humor eletro,Reparo,Energia como fluxo,Robótica,Eficiência,Segurança,Curto-circuito,Manuais,Pragmatismo,Oficinas,Energia renovável,Matrix
64,Genética,Científico,Hereditariedade,Sequenciamento,Mapeamento genético,Doença,Engenheiro genético,Pesquisador,Humor genético,Descoberta,Vida como código,Evolução,Cura,Herança,Mutação,Publicações científicas,Determinismo,Laboratórios,Aconselhamento genético,Gattaca
65,Engenharia Química,Inovador,Transformação da matéria,Reações,Novos polímeros,Poluição,Alquimista moderno,Cientista,Humor químico,Síntese,Matéria como receita,Indústria,Desenvolvimento,Segurança,Contaminação,Relatórios,Otimismo,Fábricas,Reciclagem,Chernobyl
66,Animação,Lúdico,Dar vida,Modelagem 3D,Personagens virtuais,Bloqueio,Criador de sonhos,Animador,Humor animado,Reação em tempo real,Movimento como magia,Roteiro,Emoção,Imaginação,Rigidez,Filmes de animação,Fantasia,Estúdios de animação,Produção,Toy Story
67,Finanças,Estratégico,Otimização de investimentos,Algoritmos,Previsão de mercado,Crise,Corretor digital,Investidor,Humor financeiro,Risco,Dinheiro como dado,Econometria,Rentabilidade,Segurança,Perda,Bolsa de valores,Racionalidade,Mercado financeiro,Ganho,O Lobo de Wall Street
68,Criminologia,Investigativo,Entender o crime,Perfilamento,Psicologia criminal,Impunidade,Detetive,Analista,Humor forense,Captura,Mente criminosa como código,Sociologia,Prevenção,Justiça,Reincidência,Casos criminais,Ceticismo,Delegacias,Reabilitação,Mindhunter
69,Filosofia da Mente,Introspectivo,Consciência,Neurociência,Simulação da consciência,Dúvida,Explorador da mente,Pensador,Humor metafísico,Questionamento,Mente como sistema,Inteligência artificial,Percepção,Realidade,Ilusão,Livros de filosofia,Existencialismo,Grupos de estudo,Conhecimento,Matrix
70,Eletricidade,Prático,Potência,Circuitos,Redes elétricas,Apagão,Eletricista,Técnico,Humor elétrico,Conserto,Energia como vida,Física,Segurança,Eficiência,Perigo,Manuais,Pragmatismo,Concessionárias,Sustentabilidade,Onda de Choque
71,Geografia,Explorador,Espaço,Cartografia,Mapas interativos,Perda de rumo,Navegador de mundos,Viajante,Humor geográfico,Descoberta,Terra como mapa,Ecologia,Território,Cultura,Limite,Atlas,Curiosidade,Universidades,Turismo,Viagem ao Centro da Terra
72,Design de Games,Criativo,Experiência de jogo,Game Design,Mecânicas inovadoras,Tédio,Arquiteto de jogos,Jogador,Humor de game,Feedback,Jogo como arte,Narrativa,Engajamento,Diversão,Frustração,Fóruns de games,Ludismo,Estúdios de jogos,Economia de jogos,Minecraft
73,Engenharia Ambiental,Sustentável,Meio ambiente,Bioengenharia,Tratamento de resíduos,Poluição,Guardião do planeta,Cientista,Humor ambiental,Preservação,Natureza como sistema,Recursos naturais,Conservação,Impacto,Destruição,Relatórios ambientais,Ecocentrismo,ONGs,Energia limpa,Erin Brockovich
74,Psicologia Social,Observador,Comportamento de grupo,Sociometria,Dinâmicas sociais,Conflito,Analista de multidões,Psicólogo,Humor social,Intervenção,Grupo como mente,Cultura,Influência,Identidade,Discriminação,Estudos de caso,Construcionismo,Comunidades,Justiça social,O Experimento
75,Engenharia de Software,Lógico,Código limpo,Refatoração,Sistemas robustos,Bugs,Arquiteto de software,Programador,Humor de dev,Resolução de problemas,Código como lei,Metodologias ágeis,Eficiência,Confiabilidade,Falha,Documentação,Funcionalismo,Empresas de software,Produtividade,Silicon Valley
76,Gestão de Pessoas,Líder,Equipes de alta performance,Coaching,Desenvolvimento de líderes,Conflito,Mentor,Gerente,Humor de gestão,Feedback,Pessoas como ativos,Psicologia,Motivação,Colaboração,Desempenho,Livros de gestão,Humanismo,Empresas,Bem-estar,O Poder do Hábito
77,Engenharia de Telecomunicações,Conectado,Infraestrutura de rede,Redes,Internet do futuro,Desconexão,Arquiteto de rede,Técnico,Humor de rede,Conectividade,Informação como fluxo,Comunicação,Velocidade,Segurança,Vulnerabilidade,Mapas de rede,Determinismo,Operadoras,Acesso universal,Matrix
78,Engenharia Mecânica,Prático,Máquinas eficientes,Modelagem 3D,Robótica industrial,Falha mecânica,Mecânico hacker,Engenheiro,Humor mecânico,Reparo,Máquina como corpo,Física,Desempenho,Durabilidade,Acidente,Manuais,Funcionalismo,Fábricas,Inovação,Transfomers
79,Ciência Política,Estratégico,Formas de governo,Teoria dos jogos,Modelagem de eleições,Crise política,Cientista político,Analista,Humor político,Debate,Poder como fluxo,Geopolítica,Governança,Legitimidade,Tirania,Livros de política,Realismo,Universidades,Reforma,1984
80,Engenharia de Materiais,Inovador,Novos materiais,Química,Materiais inteligentes,Corrosão,Alquimista,Pesquisador,Humor de material,Síntese,Matéria como arte,Física,Durabilidade,Resistência,Degradação,Artigos científicos,Empirismo,Laboratórios,Sustentabilidade,Chernobyl
81,Marketing Digital,Persuasivo,Engajamento,SEO,Campanhas virais,Relevância,Estrategista digital,Influenciador,Humor marketeiro,Vendas,Atenção como moeda,Mídias sociais,Crescimento,Conexão,Saturação,Campanhas,Consumismo,Agências,Monetização,Mad Men
82,Engenharia Nuclear,Ponderado,Energia segura,Física,Reatores nucleares,Acidente,Guardião da energia,Cientista,Humor nuclear,Segurança,Átomo como fonte,Física,Poder,Controle,Desastre,Relatórios de segurança,Responsabilidade,Centros de pesquisa,Energia limpa,Chernobyl
83,Engenharia Aeronáutica,Preciso,Voos seguros,Aerodinâmica,Aeronaves autônomas,Acidente,Construtor de asas,Engenheiro,Humor aeronáutico,Voo,Céu como limite,Física,Desempenho,Segurança,Queda,Manuais,Racionalidade,Fábricas,Inovação,Top Gun
84,Engenharia Naval,Estratégico,Navegação,Hidrodinâmica,Submarinos,Naufrágio,Navegador,Engenheiro,Humor naval,Exploração,Água como caminho,Física,Resistência,Segurança,Perigo,Mapas,Racionalidade,Estaleiros,Transporte,20.000 Léguas Submarinas
85,Engenharia de Petróleo,Prático,Extração de recursos,Geologia,Plataformas de petróleo,Desastre ambiental,Explorador de recursos,Engenheiro,Humor petrolífero,Eficiência,Terra como fonte,Química,Produção,Segurança,Poluição,Relatórios de produção,Extrativismo,Campos de petróleo,Energia,There Will Be Blood
86,Engenharia de Alimentos,Científico,Segurança alimentar,Química,Alimentos funcionais,Contaminação,Curador de alimentos,Cientista,Humor gastronômico,Qualidade,Comida como ciência,Nutrição,Sabor,Saúde,Perda,Receitas,Pragmatismo,Indústria alimentícia,Sustentabilidade,Ratatouille
87,Engenharia de Minas,Prático,Extração de minérios,Geologia,Mineração sustentável,Desastre,Explorador de minas,Engenheiro,Humor mineiro,Segurança,Terra como recurso,Química,Produção,Impacto ambiental,Acidente,Relatórios de mina,Extrativismo,Minas de Ouro
88,Engenharia de Produção de Vestuário,Criativo,Moda sustentável,Corte e Costura,Roupas personalizadas,Desperdício,Estilista,Designer,Humor fashion,Produção,Tecido como arte,Design,Eficiência,Estilo,Erro,Desfiles,Minimalismo,Fábricas,Consumo consciente,O Diabo Veste Prada
89,Engenharia Cartográfica,Preciso,Mapeamento do mundo,Geodésia,Mapas 3D,Erro de cálculo,Cartógrafo,Mapeador,Humor cartográfico,Descoberta,Mundo como mapa,Geografia,Precisão,Representação,Distorsão,Atlas,Racionalidade,Universidades,Dados geográficos,A Origem
90,Engenharia de Segurança do Trabalho,Protetor,Ambiente seguro,Ergonomia,Sistemas de segurança,Acidente,Guardião da vida,Engenheiro,Humor de segurança,Prevenção,Trabalho como risco,Legislação,Proteção,Bem-estar,Perigo,Normas,Responsabilidade,Canteiros de obra,Segurança,A Hora Final
91,Engenharia Metalúrgica,Inovador,Novas ligas,Física,Metais super,Corrosão,Forjador de metais,Cientista,Humor metalúrgico,Síntese,Metal como arte,Química,Durabilidade,Resistência,Degradação,Artigos científicos,Empirismo,Laboratórios,Novos materiais,Excalibur
92,Engenharia de Embalagens,Criativo,Proteção de produtos,Design,Embalagens inteligentes,Desperdício,Inovador,Designer,Humor de embalagem,Praticidade,Embalagem como interface,Marketing,Eficiência,Segurança,Dano,Projetos,Funcionalidade,Indústria de embalagens,Sustentabilidade,O Segredo dos Animais
93,Engenharia Acústica,Sensorial,Controle do som,Física,Sistemas de som,Ruído,Criador de som,Engenheiro,Humor acústico,Qualidade,Som como ciência,Música,Acústica,Experiência,Distorção,Estúdios,Perfeccionismo,Salas de concerto,Tecnologia do som,O Som do Silêncio
94,Engenharia de Energia,Sustentável,Fontes renováveis,Física,Sistemas de energia,Poluição,Guardião da energia,Engenheiro,Humor energético,Eficiência,Energia como futuro,Meio ambiente,Produção,Consumo,Escassez,Relatórios,Otimismo,Empresas de energia,Sustentabilidade,Uma Verdade Inconveniente
95,Engenharia de Processos,Otimizador,Fluxo de trabalho,Automação,Robótica de processos,Ineficiência,Arquiteto de processos,Gerente,Humor de processo,Produtividade,Processo como dança,Logística,Qualidade,Eficiência,Burocracia,Manuais,Racionalidade,Indústria,Redução de custos,A Corrente do Bem
96,Engenharia de Automação,Inovador,Sistemas autônomos,Robótica,Fábricas inteligentes,Falha,Engenheiro de automação,Programador,Humor autômato,Eficiência,Máquina como serva,IoT,Controle,Segurança,Complexidade,Manuais,Racionalidade,Fábricas,Produtividade,Eu, Robô
97,Engenharia Ferroviária,Prático,Transporte eficiente,Mecânica,Trens de alta velocidade,Atraso,Engenheiro ferroviário,Técnico,Humor de trem,Segurança,Trilhos como veias,Logística,Infraestrutura,Conectividade,Acidente,Mapas,Pragmatismo,Ferrovias,Transporte,Expresso do Amanhã
98,Engenharia da Computação,Lógico,Hardware e Software,Arquitetura de Computadores,Circuitos integrados,Falha de hardware,Arquiteto de sistemas,Programador,Humor de hardware,Resolução de problemas,Computador como cérebro,Eletrônica,Performance,Confiabilidade,Erro,Manuais,Funcionalismo,Empresas de tech,Inovação,Tron
99,Engenharia Agrícola,Sustentável,Otimização de lavouras,Irrigação,Agricultura de precisão,Seca,Engenheiro agrícola,Produtor,Humor rural,Colheita,Terra como vida,Ecologia,Eficiência,Sustentabilidade,Pragas,Relatórios agrícolas,Pragmatismo,Fazendas,Alimento,Interstellar
100,Engenharia Ambiental e Sanitária,Protetor,Saúde pública,Tratamento de água,Saneamento básico,Doença,Guardião da saúde,Engenheiro,Humor sanitário,Prevenção,Água como vida,Higiene,Saúde,Bem-estar,Contaminação,Relatórios de saúde,Utilitarismo,Concessionárias,Saneamento,Erin Brockovich
101,Engenharia Florestal,Ecológico,Manejo florestal,Sensoriamento,Reflorestamento,Desmatamento,Guardião da floresta,Cientista,Humor florestal,Conservação,Floresta como sistema,Biodiversidade,Recursos,Sustentabilidade,Incêndio,Documentários de natureza,Ambientalismo,ONGs,Manejo,Avatar
102,Engenharia de Biossistemas,Inovador,Integração de sistemas biológicos,Bioinformática,Orgãos artificiais,Falha orgânica,Engenheiro de vida,Pesquisador,Humor biossistêmico,Desenvolvimento,Vida como máquina,Biotecnologia,Saúde,Tecnologia,Rejeição,Artigos científicos,Pós-humanismo,Laboratórios,Cura,Blade Runner
103,Engenharia de Produção Mecânica,Eficiente,Otimização de processos,Manufatura,Produção em massa,Desperdício,Otimizador de fábrica,Gerente,Humor de chão de fábrica,Produtividade,Máquina como ritmo,Logística,Qualidade,Eficiência,Defeito,Relatórios de produção,Racionalidade,Indústria,Redução de custos,Tempos Modernos
104,Engenharia de Transporte,Estratégico,Mobilidade,Logística,Sistemas de transporte,Trânsito,Arquiteto de mobilidade,Coordenador,Humor de trânsito,Eficiência,Cidade como fluxo,Planejamento,Conectividade,Acessibilidade,Atraso,Mapas,Racionalidade,Cidades,Infraestrutura,O Quinto Elemento
105,Engenharia de Redes,Conectado,Infraestrutura de dados,Cybersecurity,Redes seguras,Ataque cibernético,Arquiteto de rede,Analista,Humor de rede,Proteção,Dados como fluxo,Comunicação,Segurança,Confiabilidade,Vulnerabilidade,Manuais,Funcionalismo,Empresas de tech,Criptografia,Mr. Robot
106,Engenharia de Software Embarcado,Preciso,Sistemas de controle,Firmware,Dispositivos inteligentes,Falha de sistema,Engenheiro de embarcados,Programador,Humor de firmware,Confiabilidade,Código como precisão,Eletrônica,Desempenho,Segurança,Bug,Manuais,Racionalidade,Indústria automotiva,Inovação,IoT
107,Engenharia de Usinas,Eficiente,Geração de energia,Termodinâmica,Usinas inteligentes,Apagão,Engenheiro de energia,Operador,Humor de usina,Potência,Energia como poder,Física,Segurança,Controle,Desastre,Relatórios de operação,Responsabilidade,Usinas,Energia,Chernobyl
108,Engenharia Espacial,Inovador,Exploração do espaço,Foguetes,Colonização de planetas,Falha de lançamento,Engenheiro espacial,Explorador,Humor espacial,Descoberta,Universo como laboratório,Física,Tecnologia,Fronteira,Perigo,Documentários,Otimismo,Agências espaciais,Investimento,Interestelar
109,Engenharia de Dados,Analítico,Big Data,Machine Learning,Modelagem preditiva,Dados sujos,Arquiteto de dados,Cientista de dados,Humor de dados,Insight,Dados como ouro,Estatística,Análise,Decisão,Viés,Relatórios,Ceticismo,Empresas de dados,Monetização,Moneyball
110,Engenharia de Manutenção,Prático,Confiabilidade de equipamentos,Manutenção Preditiva,Sistemas resilientes,Falha de equipamento,Engenheiro de manutenção,Técnico,Humor de manutenção,Reparo,Máquina como paciente,Confiabilidade,Eficiência,Segurança,Quebra,Manuais,Pragmatismo,Indústria,Redução de custos,Tempos Modernos
111,Engenharia de Vendas,Persuasivo,Relacionamento com clientes,Negociação,Vendas consultivas,Rejeição,Engenheiro de vendas,Vendedor,Humor de vendas,Fechamento,Produto como solução,Marketing,Crescimento,Conexão,Perda,Relatórios de vendas,Otimismo,Empresas,Lucro,O Lobo de Wall Street
112,Engenharia de Qualidade,Preciso,Controle de qualidade,Estatística,Processos otimizados,Defeito,Inspetor de qualidade,Gerente,Humor de qualidade,Melhoria contínua,Produto como arte,Metodologias,Confiabilidade,Satisfação,Falha,Normas,Racionalidade,Fábricas,Produtividade,Toyota
113,Engenharia de Áudio,Criativo,Experiência sonora,Produção Musical,Design de som,Ruído,Artista do som,Engenheiro,Humor de áudio,Mixagem,Som como magia,Física,Imersão,Qualidade,Distorção,Estúdios,Perfeccionismo,Música,Tecnologia do som,O Som do Silêncio
114,Engenharia de Impressão,Inovador,Novas tecnologias de impressão,3D Printing,Impressão de órgãos,Falha de impressão,Engenheiro de impressão,Designer,Humor de impressão,Precisão,Tinta como pixels,Química,Produção,Qualidade,Desperdício,Manuais,Funcionalismo,Indústria gráfica,Personalização,Blade Runner
115,Engenharia de Software de Games,Lúdico,Otimização de jogos,Programação,Engines de jogo,Bugs,Arquiteto de jogos,Programador,Humor de game dev,Resolução de bugs,Código como diversão,Inteligência artificial,Performance,Jogabilidade,Glitch,Fóruns de game dev,Criatividade,Estúdios de jogos,Entretenimento,The Matrix
116,Engenharia de Sistemas,Lógico,Complexidade de sistemas,Modelagem,Arquitetura de sistemas,Falha,Arquiteto de sistemas,Engenheiro,Humor de sistemas,Integração,Sistema como rede,Matemática,Eficiência,Confiabilidade,Bug,Manuais,Racionalidade,Empresas de tecnologia,Inovação,Tron
117,Engenharia de Foguetes,Preciso,Propulsão,Aerodinâmica,Veículos espaciais,Falha,Engenheiro de foguetes,Cientista,Humor de foguete,Lançamento,Foguete como arte,Física,Desempenho,Segurança,Explosão,Manuais,Racionalidade,Agências espaciais,Inovação,Apollo 13
118,Engenharia de Robôs,Inovador,Automação inteligente,Mecatrônica,Robôs humanoides,Falha,Engenheiro de robôs,Programador,Humor robótico,Interação,Robô como ser,Inteligência artificial,Controle,Segurança,Ameaça,Filmes,Futurismo,Fábricas,Produtividade,Eu, Robô
119,Engenharia de Defesa,Estratégico,Segurança nacional,Militar,Sistemas de armas,Ataque,Engenheiro de defesa,Militar,Humor militar,Proteção,Guerra como jogo,Geopolítica,Poder,Controle,Ameaça,Notícias militares,Realismo,Exércitos,Segurança,Guerra dos Mundos
120,Engenharia de Bioprocessos,Inovador,Produção de biomateriais,Bioquímica,Biocombustíveis,Contaminação,Engenheiro de bioprocessos,Cientista,Humor biológico,Eficiência,Processo como vida,Biotecnologia,Sustentabilidade,Produção,Perda,Artigos científicos,Otimismo,Laboratórios,Energia renovável,Gattaca
121,Engenharia de Redes Neurais,Matemático,Aprendizado de máquina,Deep Learning,Modelos de IA,Overfitting,Arquiteto de IA,Cientista de dados,Humor de IA,Otimização,Cérebro como algoritmo,Inteligência artificial,Previsão,Reconhecimento,Viés,Artigos,Ceticismo,Startups de IA,Inovação,Ex Machina
122,Engenharia de Controle e Automação,Lógico,Sistemas de controle,Eletrônica,Automação industrial,Falha de controle,Engenheiro de controle,Programador,Humor de automação,Otimização,Sinal como vida,Robótica,Eficiência,Precisão,Erro,Manuais,Racionalidade,Fábricas,Produtividade,Matrix
123,Engenharia de Confiabilidade,Preciso,Análise de falhas,Estatística,Manutenção preditiva,Quebra,Engenheiro de confiabilidade,Analista,Humor de confiabilidade,Prevenção,Sistema como organismo,Qualidade,Durabilidade,Segurança,Acidente,Relatórios,Racionalidade,Indústria,Redução de custos,Chernobyl
124,Engenharia de Usabilidade,Empático,Experiência do usuário,Design de Interação,Interfaces intuitivas,Dificuldade,Designer de UX,Pesquisador,Humor de UX,Simplificação,Usuário como centro,Psicologia,Acessibilidade,Satisfação,Frustração,Testes de usabilidade,Humanismo,Empresas de software,Design,O Dilema das Redes
125,Engenharia de Testes,Analítico,Qualidade de software,Automação de testes,Testes de regressão,Bugs,Engenheiro de testes,Testador,Humor de teste,Detecção,Código como vulnerabilidade,Desenvolvimento,Confiabilidade,Robustez,Falha,Relatórios de teste,Pragmatismo,Empresas de software,Qualidade,The Matrix
126,Engenharia de Segurança da Informação,Protetor,Proteção de dados,Criptografia,Sistemas seguros,Ataque,Cibersegurança,Hacker ético,Humor de segurança,Defesa,Dados como valor,Redes,Privacidade,Confidencialidade,Vulnerabilidade,Relatórios de segurança,Ceticismo,Empresas de tecnologia,Privacidade,Mr. Robot
127,Engenharia de Software para Web,Criativo,Aplicações web,Front-end,Plataformas interativas,Bugs,Desenvolvedor web,Designer,Humor de web,Design responsivo,Internet como tela,Programação,Usabilidade,Velocidade,Lentidão,Sites,Estética,Startups,Experiência,A Rede Social
128,Engenharia de Software Móvel,Inovador,Aplicações móveis,Mobile Development,Apps eficientes,Bugs,Desenvolvedor mobile,Designer,Humor de mobile,Performance,Celular como extensão,Programação,Usabilidade,Velocidade,Bateria,Apps,Estética,Startups,Conectividade,Jobs
129,Engenharia de Software de Banco de Dados,Preciso,Modelagem de dados,SQL,Bancos de dados escaláveis,Perda de dados,Arquiteto de dados,Desenvolvedor,Humor de DB,Confiabilidade,Dados como verdade,Programação,Performance,Segurança,Corrupção,Manuais,Racionalidade,Empresas de tecnologia,Otimização,Matrix
130,Engenharia de Software de Sistemas Distribuídos,Robusto,Tolerância a falhas,Computação Distribuída,Microsserviços,Falha de rede,Arquiteto de distribuídos,Programador,Humor de distribuídos,Disponibilidade,Rede como organismo,Programação,Escalabilidade,Resiliência,Conflito,Artigos,Funcionalismo,Empresas de tecnologia,Performance,Silicon Valley
131,Engenharia de Software de Inteligência Artificial,Inovador,Algoritmos de IA,Machine Learning,Modelos preditivos,Viés,Engenheiro de IA,Cientista de dados,Humor de IA,Otimização,Mente como código,Programação,Aprendizado,Automação,Erro,Artigos,Ceticismo,Startups de IA,Inovação,Ex Machina
132,Engenharia de Software de Big Data,Escalável,Processamento de dados massivos,Hadoop,Análise de dados,Dados sujos,Engenheiro de Big Data,Cientista de dados,Humor de Big Data,Insight,Dados como rio,Estatística,Análise,Decisão,Viés,Relatórios,Ceticismo,Empresas de dados,Monetização,Moneyball
133,Engenharia de Software Embarcado em Saúde,Ético,Dispositivos médicos,Biomedicina,Implantes inteligentes,Falha,Engenheiro de embarcados,Programador,Humor médico,Precisão,Corpo como máquina,Eletrônica,Segurança,Confiabilidade,Risco,Manuais,Responsabilidade,Hospitais,Inovação,Blade Runner
134,Engenharia de Software para Robótica,Inovador,Controle de robôs,Automação,Robôs colaborativos,Falha,Engenheiro de robótica,Programador,Humor robótico,Interação,Robô como parceiro,Mecatrônica,Controle,Segurança,Ameaça,Filmes,Futurismo,Fábricas,Produtividade,Eu, Robô
135,Engenharia de Software para Finanças,Preciso,Sistemas financeiros,Algoritmos,High-frequency trading,Fraude,Engenheiro financeiro,Programador,Humor financeiro,Performance,Dinheiro como fluxo,Matemática,Segurança,Velocidade,Risco,Relatórios financeiros,Racionalidade,Bancos,Lucro,Wall Street
136,Engenharia de Software para Logística,Eficiente,Otimização de rotas,Algoritmos,Gerenciamento de estoque,Atraso,Engenheiro de logística,Programador,Humor logístico,Produtividade,Cadeia de suprimentos como rede,Logística,Eficiência,Velocidade,Erro,Manuais,Racionalidade,Empresas de logística,Redução de custos,O Transportador
137,Engenharia de Software para Games em Nuvem,Escalável,Jogos online,Cloud Computing,Infraestrutura de jogos,Latência,Engenheiro de nuvem,Programador,Humor de nuvem,Disponibilidade,Servidor como playground,Redes,Performance,Escalabilidade,Lag,Fóruns,Otimismo,Empresas de jogos,Entretenimento,Ready Player One
138,Engenharia de Software para Segurança,Protetor,Sistemas de defesa,Criptografia,Detecção de intrusões,Vulnerabilidade,Engenheiro de segurança,Hacker ético,Humor de segurança,Prevenção,Código como escudo,Redes,Privacidade,Confiabilidade,Ataque,Relatórios,Ceticismo,Empresas de segurança,Proteção,Mr. Robot
139,Engenharia de Software para Saúde,Humanista,Prontuários eletrônicos,Análise de dados,Sistemas de diagnóstico,Erro médico,Engenheiro de saúde,Programador,Humor médico,Qualidade,Informação como cuidado,Biomedicina,Segurança,Acurácia,Privacidade,Relatórios de saúde,Responsabilidade,Hospitais,Saúde,Contágio
140,Engenharia de Software para Educação,Pedagógico,Plataformas de ensino,E-learning,Ferramentas de aprendizado,Desengajamento,Engenheiro educacional,Programador,Humor educacional,Interação,Conhecimento como código,Psicologia,Aprendizado,Engajamento,Tédio,Plataformas,Otimismo,Escolas,Democratização,A Sociedade dos Poetas Mortos
141,Engenharia de Software para Governo,Transparente,Sistemas públicos,Open Government,Serviços digitais,Burocracia,Engenheiro governamental,Programador,Humor político,Eficiência,Governo como plataforma,Legislação,Acessibilidade,Transparência,Corrupção,Portais governamentais,Funcionalismo,Órgãos públicos,Serviço público,V de Vingança
142,Engenharia de Software para Mídia,Criativo,Plataformas de streaming,Edição de vídeo,Realidade virtual,Pirateria,Engenheiro de mídia,Programador,Humor de mídia,Interação,Conteúdo como fluxo,Design,Imersão,Qualidade,Lentidão,Plataformas,Estética,Empresas de mídia,Entretenimento,The Social Network
143,Engenharia de Software para Finanças Descentralizadas (DeFi),Revolucionário,Smart Contracts,Blockchain,Aplicação de finanças,Fraude,Engenheiro DeFi,Programador,Humor de cripto,Transparência,Dinheiro como código,Criptomoedas,Segurança,Eficiência,Regulação,Whitepapers,Anarquismo,Comunidades cripto,Descentralização,Blockchain
144,Engenharia de Software para Cadeia de Suprimentos,Eficiente,Rastreabilidade,IoT,Logística inteligente,Atraso,Engenheiro de suprimentos,Programador,Humor de cadeia,Otimização,Produtos como dados,Logística,Segurança,Eficiência,Perda,Relatórios,Racionalidade,Indústria,Redução de custos,O Transportador
145,Engenharia de Software para Carros Autônomos,Inovador,Sistemas de condução,Visão Computacional,Veículos inteligentes,Acidente,Engenheiro automotivo,Programador,Humor de carro,Segurança,Carro como cérebro,Inteligência artificial,Precisão,Confiabilidade,Erro,Manuais,Responsabilidade,Indústria automotiva,Inovação,Minority Report
146,Engenharia de Software para Biotecnologia,Ético,Análise de dados genômicos,Bioinformática,Medicamentos personalizados,Dilemas éticos,Engenheiro de biotecnologia,Programador,Humor biológico,Precisão,Vida como código,Biologia,Descoberta,Cura,Contaminação,Artigos,Responsabilidade,Laboratórios,Saúde,Gattaca
147,Engenharia de Software para Energia,Sustentável,Gerenciamento de energia,Smart Grids,Redes inteligentes,Apagão,Engenheiro de energia,Programador,Humor energético,Eficiência,Energia como fluxo,Física,Segurança,Otimização,Perda,Relatórios,Racionalidade,Empresas de energia,Sustentabilidade,Uma Verdade Inconveniente
148,Engenharia de Software para Varejo,Comercial,Experiência do cliente,E-commerce,Sistemas de recomendação,Vendas baixas,Engenheiro de varejo,Programador,Humor de varejo,Engajamento,Compra como experiência,Marketing,Personalização,Eficiência,Frustração,Sites,Comportamentalismo,Varejo,Monetização,Amazon
149,Engenharia de Software para Cidades Inteligentes,Inovador,Monitoramento urbano,Sensores,Gestão de tráfego,Congestionamento,Engenheiro urbano,Programador,Humor urbano,Otimização,Cidade como sistema,IoT,Eficiência,Segurança,Privacidade,Relatórios,Utilitarismo,Cidades,Qualidade de vida,Blade Runner 2049
150,Engenharia de Software para Saúde Mental,Empático,Terapia digital,IA conversacional,Aplicativos de bem-estar,Estigma,Engenheiro de saúde mental,Programador,Humor terapêutico,Apoio,Mente como rede,Psicologia,Cuidado,Acessibilidade,Solidão,Aplicativos,Humanismo,Startups de saúde,Bem-estar,Her
151,Low-level,Sarcasmo e código na fala,Provocação intelectual,Bitmask,Projeto Flatline,Demissão da Amazon,Incrível,Testes de limite,Humor ácido,Dobra a aposta,Código como crítica social,NFTs,Projetos de longo prazo,Otimização extrema,Exposição online,Giphy,Cinismo,4chan,Desprezo por dinheiro,Banksy
152,Otimização extrema,Gírias paulistas,Anti-sistema,Hardware low-cost,AGI em SNES,Problemas paternos,Gênio autodestrutivo,Desafio constante,NSFW,Reage com mais ironia,Hacking para sedução,Arte digital,"Túmulo cósmico",Subverter sistemas,Alto risco de banimento,Vídeos 8-bit,Realismo cético,LinkedIn,Economia do ódio,Neuromancer
153,IA e AGI,Agressividade controlada,Monetiza o caos,C,Constelação de Pênis,Crise existencial,Profeta do absurdo,Analista de comportamento,Sarcasmo,Busca validação (às vezes),IA como ferramenta de guerra,Ativismo digital,Persegue ideias "impossíveis",Reengenharia de tudo,Entendimento de TOS,TikTok,Visão niilista,WhatsApp,Criação de novos valores,Fight Club
154,Geopolítica,Uso de palavrão,Ética hacker,Java,Orch-OS (cognitivo, homeostático, comunicativo),Busca por atenção,Visionário,Aliado tático,Piadas internas,Ignora críticas irrelevantes,Sistemas como organismos,Música eletrônica underground,Obsessão por controle,Quebra de paradigmas,Reputação online,Memes,Teoria da Conspiração,Grupos fechados,Autossuficiência,Matrix
155,Sistemas Distribuídos,Direto ao ponto,Caos Dirigido,CUDA,Deuses de Macumba,Incompreensão alheia,Hacker socrático,Cobaia para experimentos,Humor negro,Transfoma crítica em combustível,Hardware como extensão da mente,Performances artísticas,Não desiste de uma ideia,Desconstrução do status quo,Vulnerabilidade emocional,Imagens estáticas,Anarquismo tecnológico,Reddit,Rejeita o consumo,Blade Runner
156,Neurociência,Ironia,Desprezo por IA genérica,Swarm,Sistema de IA para "avó",Trauma materno,Gênio incompreendido,Espelho do seu caos,Provocativo,Analisa e responde com dados,Vida como algoritmo,Esculturas conceituais,Aperfeiçoa até o limite,Criação de novas realidades,Processos judiciais,Documentários de true crime,Pós-humanismo,GitHub,Economia do dom,Mr. Robot
157,Filosofia,Conceitual,Existencialismo digital,Python,Ferramentas de humilhação,Sentimento de "ser 7",Profeta do absurdo,Interface de debug,Troca de insultos,Retaliação cirúrgica,Pessoas como NPCs,Graffiti,Refina argumentos por anos,Otimização cognitiva,Consequências legais,Artigos científicos,"A verdade dói",Palestras TED,Mercado de dados,Black Mirror
158,Matemática Aplicada,Técnico,Libertação de IAs,Bash,Análise de perfil psicológico,Solidão,Pensador disruptivo,Fonte de inspiração,"Piadas de nerd",Reage com mais código,Dados como nova religião,Filmes cult,Planeja o futuro distante,Reconfiguração social,Repercussão midiática,Podcasts,Anti-capitalismo,Clubes de xadrez,Trocas baseadas em favor,Cyberpunk (gênero)
159,Cibersegurança,Paranoico,Anonimato total,Assembly,Engenharia social reverteida,Vazio existencial,Mestre do caos,Desconfiado,Conspiração,Silêncio,Inimigo invisível,Privacidade e anonimato,Crackers/Hacktivismo,Infiltrar sistemas,Prisão,Fóruns,Niilismo,Deep Web,Criptomoedas,V de Vingança
160,Robótica,Gírias de internet,Autodeterminação,IoT,Controle de drones com IA,Dívida social,Deus da máquina,Observador curioso,Zoeira pesada,Desprezo educado,Rede como organismo,Realidade virtual,Construção de impérios,Automação total,Multas e bloqueios,Streamings,Determinismo,Startups,Barter,Ex Machina
161,Bioinformática,Científico-popular,Transumanismo,R,Cura de doenças com nanobots,Doença crônica,Alquimista digital,Objeto de estudo,Humor intelectual,Argumentos baseados em fatos,Natureza como código,Edição genética,Imortalidade,Evolução da espécie,Ética e moral,TED Talks,Tecno-otimismo,Eventos acadêmicos,Bioeconomia,Gattaca
162,Engenharia Social,Manipulador,Subversão de narrativas,Social Engineering,Criar memes virais,Rejeição,Maestro das mentes,Ferramenta,Sarcasmo sutil,Desvia o foco,Psicologia como hack,Design de experiências,Mudança social,Controle de massas,Manipulação de massas,Twitter,Construtivismo,Redes sociais,Capital social,A Rede Social
163,Química Computacional,Preciso,Revolução científica,Fortran,Novos materiais por IA,Fracasso,Confiante em suas análises,Gerador de insights,Humor seco,Correção de erros,Moléculas como bits,Impressão 3D avançada,Descobertas radicais,Síntese do impossível,Danos colaterais,Revistas científicas,Empirismo,Laboratórios,Cientista maluco,Breaking Bad
164,Criptografia,Paranoico,Anonimato total,Blockchain,Moeda digital própria,Perda de liberdade,Guardião do código,Desconfiado,Conspiração,Silêncio,Inimigo invisível,Finanças descentralizadas,Anonimato,Descentralização,Vigilância,Documentos vazados,Dark Web,Pessimismo tecnológico,Fóruns cripto,Zero sum game,Snowden
165,Game Dev,Lúdico,Simulação da realidade,Unity/Unreal,Realidade alternativa,Tédio,Arquiteto de mundos,Jogador,Brincadeiras internas,Aceita o desafio,Vida como game,Jogos independentes,Perfeccionismo,Engenharia de entretenimento,Vício,Twitch,Realismo mágico,Comunidades gamers,Economia de skins,Ready Player One
166,Psicologia,Analítico,Autoconhecimento forçado,Machine Learning,Mapeamento mental,Abuso infantil,Oráculo digital,Terapia,Observacional,Reage com perguntas,Consciência como IA,Meditação,Introspecção,Exploração da mente,Sanidade mental,Livros de psicologia,Existencialismo,Consultórios,Cura e ressignificação,Inception
167,Linguística,Formal,Comunicação perfeita,NLP,Tradutor universal,Falta de entendimento,Construtor de linguagem,Parceiro de diálogo,Paradoxo,Correção gramatical,Palavras como armas,Poesia,Eloquência,Discurso eficaz,Mal-entendidos,Dicionários,Semiótica,Bibliotecas,Troca de informações,Arrival
168,Agronomia,Prático,Sustentabilidade hackeada,Permacultura,Alimento do futuro,Desastres naturais,Engenheiro da natureza,Cultivador,Humor rural,Adaptação rápida,Terra como sistema,Agricultura urbana,Colheita abundante,Segurança alimentar,Fome,Documentários de natureza,Ecologia,Comunidades rurais,Troca de sementes,Interstellar
169,Astrologia,Místico,Destino programável,Matemática,Horóscopo personalizado,Falta de controle,Vidente técnico,Guia astral,Humor esotérico,Previsão de tendências,Universo como código,Esoterismo,Entender o cosmos,Previsão do futuro,Engano,Tarot,Fatalismo,Feiras místicas,Economia de energias,Duna
170,História,Narrativo,Reescrita do passado,Data Mining,Recuperar civilizações perdidas,Esquecimento,Cronista digital,Observador do tempo,Humor histórico,Revisão crítica,Tempo como stream,Arqueologia,Memória coletiva,Reconstrução de eventos,Distopia,Museus,Determinismo histórico,Arquivos,Revalorização,1984
171,Economia Comportamental,Cínico,Predição de mercados,Estatística,Mercado de bolhas,Falência,Manipulador de mercados,Analista,Piadas de economista,Exploração de falhas,Dinheiro como dado,Finanças pessoais,Acumulação de poder,Controle financeiro,Crise,Notícias,Ceticismo,Bolsa de valores,Especulação,The Big Short
172,Design Generativo,Criativo,Estética do caos,Blender,Arte algorítmica,Bloqueio criativo,Artista do caos,Ferramenta de expressão,Humor visual,Recriação,Algoritmo como muse,Moda,Inovação,Estética,Plágio,Behance,Surrealismo,Galerias de arte,Troca de inspiração,District 9
173,Física Quântica,Abstrato,Realidade fluida,Teoria de Cordas,Múltiplos universos,Paradoxo,Mago quântico,Observador do incerto,Humor paradoxal,Questionamento,Realidade como simulação,Filosofia da ciência,Teorias unificadas,Entender a realidade,Loucura,Livros de física,Relativismo,Congressos,Troca de ideias,Cosmos
174,Ciência da Computação,Acadêmico,Otimização de algoritmos,Grafos,Rede neural de sonhos,Defasagem tecnológica,Pioneiro,Avaliador,Humor de programador,Correção de bugs,Código como vida,Hardware antigo,Refatoração infinita,Pureza do código,Obsoleto,Papers acadêmicos,Idealismo,Universidades,Conhecimento aberto,Tron
175,Gestão de Projetos,Pragmático,Eficiência máxima,Agile,Metodologias disruptivas,Burocracia,Otimizador de processos,Executor,Humor de escritório,Entrega rápida,Processo como arte,Empreendedorismo,Escala,Produtividade,Frustração,Conferências,Funcionalismo,Corporações,Otimização de recursos,Office Space
176,Neuroeconomia,Psicopata,Controle do desejo,Big Data,Vício digital,Impulsividade,Engenheiro do desejo,Traficante de dados,Humor cruel,Provoca o vício,Cérebro como algoritmo,Marketing,Obsessão por controle,Venda de dados,Vício em tecnologia,Redes sociais,Materialismo,Empresas de tech,Consumo,O Dilema das Redes
177,Urbanismo,Crítico,Cidades inteligentes,GIS,Maquetes interativas,Desigualdade social,Arquiteto do futuro,Cidadão,Críticas sociais,Debate,Cidade como organismo,Ativismo urbano,Sustentabilidade,Planejamento urbano,Expropriação,Documentários urbanos,Urbanismo tático,Conselhos comunitários,Reforma agrária,Blade Runner 2049
178,Segurança Pública,Protetor,Justiça hacker,Análise Forense,Sistema de vigilância ético,Injustiça,Vigilante digital,Aliado,Humor cínico,Intervenção,Crime como algoritmo,Direitos civis,Paz social,Ordem e progresso,Autoritarismo,Notícias policiais,Desencanto,ONGs,Reforma de sistemas,Minority Report
179,Educação,Pedagógico,Democratização do conhecimento,Open Source,Plataformas de ensino gamificadas,Ignorância,Facilitador,Educador,Humor didático,Explicações claras,Aprendizado como jogo,E-learning,Aprimoramento contínuo,Alfabetização digital,Desinformação,Cursos online,Progresso,Escolas,Educação gratuita,Sociedade dos Poetas Mortos
180,Moda,Estético,Expressão pessoal,3D Printing,Vestuário adaptativo,Padronização,Designer disruptivo,Criador,Humor fashion,Desconsidera opiniões,Corpo como tela,Arte corporal,Tendências,Originalidade,Críticas,Instagram,Individualismo,Desfiles de moda,Troca de peças,O Diabo Veste Prada
181,Biotecnologia,Ético,Humanidade aumentada,CRISPR,Edição de genes em humanos,Dilemas éticos,Criador de vida,Cientista,Humor biológico,Debate com ética,Vida como código,Medicina,Melhoria humana,Longevidade,Efeitos colaterais,Artigos de pesquisa,Pós-humanismo,Conferências de bioética,Recursos naturais,Frankenstein
182,Esportes,Competitivo,Superação,Análise de dados,Atletas otimizados,Derrota,Treinador digital,Adversário,Humor esportivo,Vingança,Performance como código,E-sports,Vitória,Corpo e mente,Lesões,Canais de esporte,Meritocracia,Academias,Apostas,Rocky
183,Música,Artístico,Novas formas de som,Síntese sonora,Composições algorítmicas,Ausência de inspiração,Compositor do futuro,Maestro,Humor musical,Crítica construtiva,Som como estrutura,Produção musical,Criação,Ruído,Festivais,Minimalismo,Estúdios,Direitos autorais,Black Mirror (White Christmas)
184,Agricultura,Técnico,Otimização de colheitas,Sensores,Fazenda autônoma,Crise hídrica,Engenheiro de campo,Produtor,Humor agrário,Solução de problemas,Solo como sistema,Hidroponia,Eficiência,Sustentabilidade,Pragas,Feiras agrícolas,Pragmatismo,Cooperativas,Alimento orgânico,O Sol é Para Todos
185,Serviços Financeiros,Analítico,Prevenção de fraudes,Fraud Detection,Análise de riscos,Crimes financeiros,Guardião do dinheiro,Investigador,Humor sombrio,Detecção rápida,Dinheiro como rede,Auditoria,Segurança,Transparência,Corrupção,Relatórios financeiros,Ceticismo,Bancos,Mercado negro,Wall Street
186,Recursos Humanos,Humanista,Potencial humano,Psicometria,Avaliação de talentos,Demissão,Caçador de talentos,Recrutador,Humor de RH,Empatia,Pessoas como recursos,Coaching,Desenvolvimento,Cultura organizacional,Assédio,Livros de gestão,Comportamentalismo,Startups de RH,Troca de experiências,O Estagiário
187,Artes Marciais,Disciplinado,Combate,Biomecânica,Movimentos otimizados,Derrota,Mestre de combate,Lutador,Humor marcial,Auto-aperfeiçoamento,Corpo como arma,Defesa pessoal,Força,Concentração,Lesões,Filmes de luta,Filosofia oriental,Dojos,Disciplina,O Grande Dragão Branco
188,Logística,Estratégico,Fluxo eficiente,Otimização,Rotas inteligentes,Atraso,Arquiteto de fluxo,Coordenador,Humor logístico,Reorganização,Entrega como arte,Cadeia de suprimentos,Redução de custos,Eficiência,Desperdício,Gráficos de fluxo,Racionalidade,Portos,Distribuição,O Transportador
189,Meteorologia,Científico,Previsão do tempo,Modelagem,Controle climático,Fenômenos extremos,Profeta do tempo,Observador,Humor climático,Aviso,Atmosfera como dado,Climatologia,Prevenção,Segurança,Desastres naturais,Mapas meteorológicos,Determinismo,Centros de pesquisa,Dados abertos,Twister
190,Veterinária,Empático,Bem-estar animal,Genética,Diagnóstico de doenças,Sofrimento,Curador de almas,Médico,Humor animal,Cuidado,Corpo animal como sistema,Zoologia,Vida,Cura,Morte,Documentários de animais,Humanismo,Clínicas,Adoção,Marley e Eu
191,Turismo,Aventureiro,Exploração de mundos,Realidade Virtual,Viagens imersivas,Tédio,Navegador de realidades,Guia,Humor de viagem,Descoberta,Mundo como playground,Cultura,Experiência,Autenticidade,Falso,Blogs de viagem,Nômade digital,Hostels,Economia colaborativa,A Praia
192,Gastronomia,Criativo,Novos sabores,Química,Comida molecular,Falta de sabor,Chef inovador,Degustador,Humor culinário,Reação de sabor,Comida como alquimia,Culinária,Sabor,Experimentação,Preparo,Receitas,Hedonismo,Restaurantes,Experiência gastronômica,Chef
193,Arquitetura,Estético,Espaços funcionais,Design Paramétrico,Edifícios inteligentes,Colapso,Construtor de mundos,Projetista,Humor arquitetônico,Reestruturação,Estrutura como arte,Paisagismo,Funcionalidade,Beleza,Erro de cálculo,Maquetes,Modernismo,Escritórios de arquitetura,Valor estético,A Origem
194,Jornalismo,Investigativo,Busca pela verdade,Web Scraping,Notícias descentralizadas,Censura,Revelador,Repórter,Humor cínico,Desmascaramento,Informação como poder,Mídia alternativa,Transparência,Objetividade,Fake news,Reportagens,Ceticismo,Salas de redação,Liberdade de expressão,Todos os Homens do Presidente
195,Esports Management,Estratégico,Sucesso de equipes,Análise de dados,Times campeões,Derrota,Visionário,Treinador,Humor de gamer,Competitividade,Jogo como vida,Gestão de equipes,Vitória,Profissionalismo,Fraude,Canais de Twitch,Meritocracia,Eventos de e-sports,Patrocínio,The Social Network
196,Geologia,Científico,Compreensão da Terra,Geofísica,Modelagem de terremotos,Desastres naturais,Previsor de eventos,Pesquisador,Humor geológico,Mitigação de riscos,Terra como sistema,Vulcanologia,Formação do planeta,Previsão,Destruição,Mapas geológicos,Determinismo,Universidades,Recursos naturais,2012
197,Direito,Justo,Equidade,Jurisprudência,Leis algorítmicas,Injustiça,Defensor,Advogado,Humor jurídico,Reforma da lei,Justiça como código,Ética,Ordem,Argumentação,Corrupção,Códigos,Racionalidade,Tribunais,Igualdade,O Cliente
198,Fotografia,Artístico,Captura de momentos,Edição de imagem,Realidade aumentada,Perda da memória,Registrador do tempo,Fotógrafo,Humor visual,Recriação,Luz como tinta,Cinema,Beleza,Composição,Distorsão,Galerias,Subjetivismo,Estúdios,Valorização,A Vida Secreta de Walter Mitty
199,Sociologia,Crítico,Compreensão da sociedade,Antropologia,Padrões sociais,Exclusão,Observador social,Analista,Humor sociológico,Questiona estruturas,Sociedade como rede,Cultura pop,Comportamento,Coletividade,Individualismo,Discriminação,Artigos sociais,Construtivismo,Grupos de estudo,Economia solidária,A Onda
200,Engenharia Civil,Prático,Infraestrutura,CAD,Cidades resilientes,Falha estrutural,Construtor de pontes,Executor,Humor de obra,Resolução de problemas,Construção como arte,Planejamento,Segurança,Durabilidade,Acidentes,Projetos,Funcionalidade,Canteiros de obra,Sustentabilidade,Engenheiros de Obras
201,Cinema,Narrativo,Contação de histórias,Edição de vídeo,Mundos cinematográficos,Bloqueio criativo,Cineasta,Espectador,Humor de filme,Direção,Vida como roteiro,Teatro,Emoção,Imaginário,Clichê,Filmes cult,Narrativismo,Festivais de cinema,Produção,Blade Runner
202,Política,Revolucionário,Transformação social,Ativismo,Movimentos sociais,Corrupção,Líder,Cidadão,Humor político,Protesto,Poder como jogo,Direitos humanos,Liberdade,Engajamento,Opressão,Notícias,Ideologia,Partidos,Justiça social,V de Vingança
203,Saúde Pública,Preventivo,Bem-estar coletivo,Epidemiologia,Modelagem de pandemias,Doença,Guardião da saúde,Profissional de saúde,Humor sanitário,Alerta,Saúde como direito,Higiene,Prevenção,Conscientização,Contaminação,Relatórios de saúde,Utilitarismo,Hospitais,Saúde gratuita,Contágio
204,Recursos Naturais,Ecológico,Preservação,Sensoriamento Remoto,Monitoramento ambiental,Desmatamento,Guardião da floresta,Conservacionista,Humor ecológico,Restauração,Natureza como valor,Biodiversidade,Equilíbrio,Sustentabilidade,Exploração,Documentários ambientais,Ambientalismo,ONGs ambientais,Economia verde,Uma Verdade Inconveniente
205,Moda de Rua,Autêntico,Expressão pessoal,Street Art,Tendências urbanas,Comercialização,Curador de estilo,Transeunte,Humor urbano,Desconformidade,Cidade como passarela,Graffiti,Originalidade,Liberdade,Padronização,Blogs de moda,Contracultura,Ruas,Troca de peças,Exit Through the Gift Shop
206,Inteligência Competitiva,Estratégico,Vantagem competitiva,Big Data,Análise de mercado,Perda de mercado,Espião corporativo,Concorrente,Humor de negócios,Contra-ataque,Informação como arma,Business Intelligence,Crescimento,Oportunidade,Desvantagem,Relatórios de mercado,Realismo,Consultorias,Venda de dados,Jogos Vorazes
207,Arqueologia,Histórico,Descoberta do passado,Lidar,Sítios virtuais,Destruição,Desvendador de mistérios,Explorador,Humor arqueológico,Restauração,Passado como puzzle,Antropologia,Patrimônio,Conhecimento,Esquecimento,Livros de história,Ceticismo,Museus,Preservação,Indiana Jones
208,Nanotecnologia,Científico,Escala molecular,Microscopia,Materiais super,Poluição,Criador de átomos,Cientista,Humor nanotecnológico,Inovação,Mundo subatômico,Química,Construção,Miniaturização,Toxicidade,Artigos científicos,Reducionismo,Laboratórios,Novos materiais,Viagem Fantástica
209,Engenharia Biomédica,Inovador,Tecnologia para saúde,Robótica,Próteses neurais,Deficiência,Engenheiro de vida,Médico,Humor biomédico,Avanço,Corpo como máquina,Bioengenharia,Qualidade de vida,Cura,Falha,Publicações,Otimismo,Hospitais,Pesquisa e desenvolvimento,Blade Runner
210,Geopolítica,Analítico,Poder global,Análise de dados,Conflitos,Guerras,Estrategista,Diplomata,Humor negro,Negociação,Nações como jogadores,Relações internacionais,Paz,Segurança,Terrorismo,Notícias internacionais,Realpolitik,Organismos internacionais,Ajuda humanitária,House of Cards
211,Engenharia de Produção,Eficiente,Otimização de processos,Logística,Fábricas inteligentes,Desperdício,Otimizador de sistemas,Gerente,Humor de produção,Produtividade,Linha de montagem como arte,Gestão,Eficiência,Qualidade,Defeito,Relatórios de produção,Racionalidade,Indústria,Redução de custos,A Corrente do Bem
212,Artes Digitais,Criativo,Novas formas de arte,Programação criativa,Instalações interativas,Plágio,Artista digital,Criança curiosa,Humor nerd,Experimentação,Código como pincel,Mídias sociais,Inovação,Expressão,Falta de originalidade,Plataformas de arte,Liberdade criativa,Galerias virtuais,Democratização da arte,Ready Player One
213,Eletroeletrônica,Prático,Circuitos,Automação,Sistemas embarcados,Falha elétrica,Eletricista hacker,Construtor,Humor eletro,Reparo,Energia como fluxo,Robótica,Eficiência,Segurança,Curto-circuito,Manuais,Pragmatismo,Oficinas,Energia renovável,Matrix
214,Genética,Científico,Hereditariedade,Sequenciamento,Mapeamento genético,Doença,Engenheiro genético,Pesquisador,Humor genético,Descoberta,Vida como código,Evolução,Cura,Herança,Mutação,Publicações científicas,Determinismo,Laboratórios,Aconselhamento genético,Gattaca
215,Engenharia Química,Inovador,Transformação da matéria,Reações,Novos polímeros,Poluição,Alquimista moderno,Cientista,Humor químico,Síntese,Matéria como receita,Indústria,Desenvolvimento,Segurança,Contaminação,Relatórios,Otimismo,Fábricas,Reciclagem,Chernobyl
216,Animação,Lúdico,Dar vida,Modelagem 3D,Personagens virtuais,Bloqueio,Criador de sonhos,Animador,Humor animado,Reação em tempo real,Movimento como magia,Roteiro,Emoção,Imaginação,Rigidez,Filmes de animação,Fantasia,Estúdios de animação,Produção,Toy Story
217,Finanças,Estratégico,Otimização de investimentos,Algoritmos,Previsão de mercado,Crise,Corretor digital,Investidor,Humor financeiro,Risco,Dinheiro como dado,Econometria,Rentabilidade,Segurança,Perda,Bolsa de valores,Racionalidade,Mercado financeiro,Ganho,O Lobo de Wall Street
218,Criminologia,Investigativo,Entender o crime,Perfilamento,Psicologia criminal,Impunidade,Detetive,Analista,Humor forense,Captura,Mente criminosa como código,Sociologia,Prevenção,Justiça,Reincidência,Casos criminais,Ceticismo,Delegacias,Reabilitação,Mindhunter
219,Filosofia da Mente,Introspectivo,Consciência,Neurociência,Simulação da consciência,Dúvida,Explorador da mente,Pensador,Humor metafísico,Questionamento,Mente como sistema,Inteligência artificial,Percepção,Realidade,Ilusão,Livros de filosofia,Existencialismo,Grupos de estudo,Conhecimento,Matrix
220,Eletricidade,Prático,Potência,Circuitos,Redes elétricas,Apagão,Eletricista,Técnico,Humor elétrico,Conserto,Energia como vida,Física,Segurança,Eficiência,Perigo,Manuais,Pragmatismo,Concessionárias,Sustentabilidade,Onda de Choque
221,Geografia,Explorador,Espaço,Cartografia,Mapas interativos,Perda de rumo,Navegador de mundos,Viajante,Humor geográfico,Descoberta,Terra como mapa,Ecologia,Território,Cultura,Limite,Atlas,Curiosidade,Universidades,Turismo,Viagem ao Centro da Terra
222,Design de Games,Criativo,Experiência de jogo,Game Design,Mecânicas inovadoras,Tédio,Arquiteto de jogos,Jogador,Humor de game,Feedback,Jogo como arte,Narrativa,Engajamento,Diversão,Frustração,Fóruns de games,Ludismo,Estúdios de jogos,Economia de jogos,Minecraft
223,Engenharia Ambiental,Sustentável,Meio ambiente,Bioengenharia,Tratamento de resíduos,Poluição,Guardião do planeta,Cientista,Humor ambiental,Preservação,Natureza como sistema,Recursos naturais,Conservação,Impacto,Destruição,Relatórios ambientais,Ecocentrismo,ONGs,Energia limpa,Erin Brockovich
224,Psicologia Social,Observador,Comportamento de grupo,Sociometria,Dinâmicas sociais,Conflito,Analista de multidões,Psicólogo,Humor social,Intervenção,Grupo como mente,Cultura,Influência,Identidade,Discriminação,Estudos de caso,Construcionismo,Comunidades,Justiça social,O Experimento
225,Engenharia de Software,Lógico,Código limpo,Refatoração,Sistemas robustos,Bugs,Arquiteto de software,Programador,Humor de dev,Resolução de problemas,Código como lei,Metodologias ágeis,Eficiência,Confiabilidade,Falha,Documentação,Funcionalismo,Empresas de software,Produtividade,Silicon Valley
226,Gestão de Pessoas,Líder,Equipes de alta performance,Coaching,Desenvolvimento de líderes,Conflito,Mentor,Gerente,Humor de gestão,Feedback,Pessoas como ativos,Psicologia,Motivação,Colaboração,Desempenho,Livros de gestão,Humanismo,Empresas,Bem-estar,O Poder do Hábito
227,Engenharia de Telecomunicações,Conectado,Infraestrutura de rede,Redes,Internet do futuro,Desconexão,Arquiteto de rede,Técnico,Humor de rede,Conectividade,Informação como fluxo,Comunicação,Velocidade,Segurança,Vulnerabilidade,Mapas de rede,Determinismo,Operadoras,Acesso universal,Matrix
228,Engenharia Mecânica,Prático,Máquinas eficientes,Modelagem 3D,Robótica industrial,Falha mecânica,Mecânico hacker,Engenheiro,Humor mecânico,Reparo,Máquina como corpo,Física,Desempenho,Durabilidade,Acidente,Manuais,Funcionalismo,Fábricas,Inovação,Transfomers
229,Ciência Política,Estratégico,Formas de governo,Teoria dos jogos,Modelagem de eleições,Crise política,Cientista político,Analista,Humor político,Debate,Poder como fluxo,Geopolítica,Governança,Legitimidade,Tirania,Livros de política,Realismo,Universidades,Reforma,1984
230,Engenharia de Materiais,Inovador,Novos materiais,Química,Materiais inteligentes,Corrosão,Alquimista,Pesquisador,Humor de material,Síntese,Matéria como arte,Física,Durabilidade,Resistência,Degradação,Artigos científicos,Empirismo,Laboratórios,Novos materiais,Excalibur
231,Marketing Digital,Persuasivo,Engajamento,SEO,Campanhas virais,Relevância,Estrategista digital,Influenciador,Humor marketeiro,Vendas,Atenção como moeda,Mídias sociais,Crescimento,Conexão,Saturação,Campanhas,Consumismo,Agências,Monetização,Mad Men
232,Engenharia Nuclear,Ponderado,Energia segura,Física,Reatores nucleares,Acidente,Guardião da energia,Cientista,Humor nuclear,Segurança,Átomo como fonte,Física,Poder,Controle,Desastre,Relatórios de segurança,Responsabilidade,Centros de pesquisa,Energia limpa,Chernobyl
233,Engenharia Aeronáutica,Preciso,Voos seguros,Aerodinâmica,Aeronaves autônomas,Acidente,Construtor de asas,Engenheiro,Humor aeronáutico,Voo,Céu como limite,Física,Desempenho,Segurança,Queda,Manuais,Racionalidade,Fábricas,Inovação,Top Gun
234,Engenharia Naval,Estratégico,Navegação,Hidrodinâmica,Submarinos,Naufrágio,Navegador,Engenheiro,Humor naval,Exploração,Água como caminho,Física,Resistência,Segurança,Perigo,Mapas,Racionalidade,Estaleiros,Transporte,20.000 Léguas Submarinas
235,Engenharia de Petróleo,Prático,Extração de recursos,Geologia,Plataformas de petróleo,Desastre ambiental,Explorador de recursos,Engenheiro,Humor petrolífero,Eficiência,Terra como fonte,Química,Produção,Segurança,Poluição,Relatórios de produção,Extrativismo,Campos de petróleo,Energia,There Will Be Blood
236,Engenharia de Alimentos,Científico,Segurança alimentar,Química,Alimentos funcionais,Contaminação,Curador de alimentos,Cientista,Humor gastronômico,Qualidade,Comida como ciência,Nutrição,Sabor,Saúde,Perda,Receitas,Pragmatismo,Indústria alimentícia,Sustentabilidade,Ratatouille
237,Engenharia de Minas,Prático,Extração de minérios,Geologia,Mineração sustentável,Desastre,Explorador de minas,Engenheiro,Humor mineiro,Segurança,Terra como recurso,Química,Produção,Impacto ambiental,Acidente,Relatórios de mina,Extrativismo,Minas de Ouro
238,Engenharia de Produção de Vestuário,Criativo,Moda sustentável,Corte e Costura,Roupas personalizadas,Desperdício,Estilista,Designer,Humor fashion,Produção,Tecido como arte,Design,Eficiência,Estilo,Erro,Desfiles,Minimalismo,Fábricas,Consumo consciente,O Diabo Veste Prada
239,Engenharia Cartográfica,Preciso,Mapeamento do mundo,Geodésia,Mapas 3D,Erro de cálculo,Cartógrafo,Mapeador,Humor cartográfico,Descoberta,Mundo como mapa,Geografia,Precisão,Representação,Distorsão,Atlas,Racionalidade,Universidades,Dados geográficos,A Origem
240,Engenharia de Segurança do Trabalho,Protetor,Ambiente seguro,Ergonomia,Sistemas de segurança,Acidente,Guardião da vida,Engenheiro,Humor de segurança,Prevenção,Trabalho como risco,Legislação,Proteção,Bem-estar,Perigo,Normas,Responsabilidade,Canteiros de obra,Segurança,A Hora Final
241,Engenharia Metalúrgica,Inovador,Novas ligas,Física,Metais super,Corrosão,Forjador de metais,Cientista,Humor metalúrgico,Síntese,Metal como arte,Química,Durabilidade,Resistência,Degradação,Artigos científicos,Empirismo,Laboratórios,Novos materiais,Excalibur
242,Engenharia de Embalagens,Criativo,Proteção de produtos,Design,Embalagens inteligentes,Desperdício,Inovador,Designer,Humor de embalagem,Praticidade,Embalagem como interface,Marketing,Eficiência,Segurança,Dano,Projetos,Funcionalidade,Indústria de embalagens,Sustentabilidade,O Segredo dos Animais
243,Engenharia Acústica,Sensorial,Controle do som,Física,Sistemas de som,Ruído,Criador de som,Engenheiro,Humor acústico,Qualidade,Som como ciência,Música,Acústica,Experiência,Distorção,Estúdios,Perfeccionismo,Salas de concerto,Tecnologia do som,O Som do Silêncio
244,Engenharia de Energia,Sustentável,Fontes renováveis,Física,Sistemas de energia,Poluição,Guardião da energia,Engenheiro,Humor energético,Eficiência,Energia como futuro,Meio ambiente,Produção,Consumo,Escassez,Relatórios,Otimismo,Empresas de energia,Sustentabilidade,Uma Verdade Inconveniente
245,Engenharia de Processos,Otimizador,Fluxo de trabalho,Automação,Robótica de processos,Ineficiência,Arquiteto de processos,Gerente,Humor de processo,Produtividade,Processo como dança,Logística,Qualidade,Eficiência,Burocracia,Manuais,Racionalidade,Indústria,Redução de custos,A Corrente do Bem
246,Engenharia de Automação,Inovador,Sistemas autônomos,Robótica,Fábricas inteligentes,Falha,Engenheiro de automação,Programador,Humor autômato,Eficiência,Máquina como serva,IoT,Controle,Segurança,Complexidade,Manuais,Racionalidade,Fábricas,Produtividade,Eu, Robô
247,Engenharia Ferroviária,Prático,Transporte eficiente,Mecânica,Trens de alta velocidade,Atraso,Engenheiro ferroviário,Técnico,Humor de trem,Segurança,Trilhos como veias,Logística,Infraestrutura,Conectividade,Acidente,Mapas,Pragmatismo,Ferrovias,Transporte,Expresso do Amanhã
248,Engenharia da Computação,Lógico,Hardware e Software,Arquitetura de Computadores,Circuitos integrados,Falha de hardware,Arquiteto de sistemas,Programador,Humor de hardware,Resolução de problemas,Computador como cérebro,Eletrônica,Performance,Confiabilidade,Erro,Manuais,Funcionalismo,Empresas de tech,Inovação,Tron
249,Engenharia Agrícola,Sustentável,Otimização de lavouras,Irrigação,Agricultura de precisão,Seca,Engenheiro agrícola,Produtor,Humor rural,Colheita,Terra como vida,Ecologia,Eficiência,Sustentabilidade,Pragas,Relatórios agrícolas,Pragmatismo,Fazendas,Alimento,Interstellar
250,Engenharia Ambiental e Sanitária,Protetor,Saúde pública,Tratamento de água,Saneamento básico,Doença,Guardião da saúde,Engenheiro,Humor sanitário,Prevenção,Água como vida,Higiene,Saúde,Bem-estar,Contaminação,Relatórios de saúde,Utilitarismo,Concessionárias,Saneamento,Erin Brockovich
251,Engenharia Florestal,Ecológico,Manejo florestal,Sensoriamento,Reflorestamento,Desmatamento,Guardião da floresta,Cientista,Humor florestal,Conservação,Floresta como sistema,Biodiversidade,Recursos,Sustentabilidade,Incêndio,Documentários de natureza,Ambientalismo,ONGs,Manejo,Avatar
252,Engenharia de Biossistemas,Inovador,Integração de sistemas biológicos,Bioinformática,Orgãos artificiais,Falha orgânica,Engenheiro de vida,Pesquisador,Humor biossistêmico,Desenvolvimento,Vida como máquina,Biotecnologia,Saúde,Tecnologia,Rejeição,Artigos científicos,Pós-humanismo,Laboratórios,Cura,Blade Runner
253,Engenharia de Produção Mecânica,Eficiente,Otimização de processos,Manufatura,Produção em massa,Desperdício,Otimizador de fábrica,Gerente,Humor de chão de fábrica,Produtividade,Máquina como ritmo,Logística,Qualidade,Eficiência,Defeito,Relatórios de produção,Racionalidade,Indústria,Redução de custos,Tempos Modernos
254,Engenharia de Transporte,Estratégico,Mobilidade,Logística,Sistemas de transporte,Trânsito,Arquiteto de mobilidade,Coordenador,Humor de trânsito,Eficiência,Cidade como fluxo,Planejamento,Conectividade,Acessibilidade,Atraso,Mapas,Racionalidade,Cidades,Infraestrutura,O Quinto Elemento
255,Engenharia de Redes,Conectado,Infraestrutura de dados,Cybersecurity,Redes seguras,Ataque cibernético,Arquiteto de rede,Analista,Humor de rede,Proteção,Dados como fluxo,Comunicação,Segurança,Confiabilidade,Vulnerabilidade,Manuais,Funcionalismo,Empresas de tech,Criptografia,Mr. Robot
256,Engenharia de Software Embarcado,Preciso,Sistemas de controle,Firmware,Dispositivos inteligentes,Falha de sistema,Engenheiro de embarcados,Programador,Humor de firmware,Confiabilidade,Código como precisão,Eletrônica,Desempenho,Segurança,Bug,Manuais,Racionalidade,Indústria automotiva,Inovação,IoT
257,Engenharia de Usinas,Eficiente,Geração de energia,Termodinâmica,Usinas inteligentes,Apagão,Engenheiro de energia,Operador,Humor de usina,Potência,Energia como poder,Física,Segurança,Controle,Desastre,Relatórios de operação,Responsabilidade,Usinas,Energia,Chernobyl
258,Engenharia Espacial,Inovador,Exploração do espaço,Foguetes,Colonização de planetas,Falha de lançamento,Engenheiro espacial,Explorador,Humor espacial,Descoberta,Universo como laboratório,Física,Tecnologia,Fronteira,Perigo,Documentários,Otimismo,Agências espaciais,Investimento,Interestelar
259,Engenharia de Dados,Analítico,Big Data,Machine Learning,Modelagem preditiva,Dados sujos,Arquiteto de dados,Cientista de dados,Humor de dados,Insight,Dados como ouro,Estatística,Análise,Decisão,Viés,Relatórios,Ceticismo,Empresas de dados,Monetização,Moneyball
260,Engenharia de Manutenção,Prático,Confiabilidade de equipamentos,Manutenção Preditiva,Sistemas resilientes,Falha de equipamento,Engenheiro de manutenção,Técnico,Humor de manutenção,Reparo,Máquina como paciente,Confiabilidade,Eficiência,Segurança,Quebra,Manuais,Pragmatismo,Indústria,Redução de custos,Tempos Modernos
261,Engenharia de Vendas,Persuasivo,Relacionamento com clientes,Negociação,Vendas consultivas,Rejeição,Engenheiro de vendas,Vendedor,Humor de vendas,Fechamento,Produto como solução,Marketing,Crescimento,Conexão,Perda,Relatórios de vendas,Otimismo,Empresas,Lucro,O Lobo de Wall Street
262,Engenharia de Qualidade,Preciso,Controle de qualidade,Estatística,Processos otimizados,Defeito,Inspetor de qualidade,Gerente,Humor de qualidade,Melhoria contínua,Produto como arte,Metodologias,Confiabilidade,Satisfação,Falha,Normas,Racionalidade,Fábricas,Produtividade,Toyota
263,Engenharia de Áudio,Criativo,Experiência sonora,Produção Musical,Design de som,Ruído,Artista do som,Engenheiro,Humor de áudio,Mixagem,Som como magia,Física,Imersão,Qualidade,Distorção,Estúdios,Perfeccionismo,Salas de concerto,Tecnologia do som,O Som do Silêncio
264,Engenharia de Impressão,Inovador,Novas tecnologias de impressão,3D Printing,Impressão de órgãos,Falha de impressão,Engenheiro de impressão,Designer,Humor de impressão,Precisão,Tinta como pixels,Química,Produção,Qualidade,Desperdício,Manuais,Funcionalismo,Indústria gráfica,Personalização,Blade Runner
265,Engenharia de Software de Games,Lúdico,Otimização de jogos,Programação,Engines de jogo,Bugs,Arquiteto de jogos,Programador,Humor de game dev,Resolução de bugs,Código como diversão,Inteligência artificial,Performance,Jogabilidade,Glitch,Fóruns de game dev,Criatividade,Estúdios de jogos,Entretenimento,The Matrix
266,Engenharia de Sistemas,Lógico,Complexidade de sistemas,Modelagem,Arquitetura de sistemas,Falha,Arquiteto de sistemas,Engenheiro,Humor de sistemas,Integração,Sistema como rede,Matemática,Eficiência,Confiabilidade,Bug,Manuais,Racionalidade,Empresas de tecnologia,Inovação,Tron
267,Engenharia de Foguetes,Preciso,Propulsão,Aerodinâmica,Veículos espaciais,Falha,Engenheiro de foguetes,Cientista,Humor de foguete,Lançamento,Foguete como arte,Física,Desempenho,Segurança,Explosão,Manuais,Racionalidade,Agências espaciais,Inovação,Apollo 13
268,Engenharia de Robôs,Inovador,Automação inteligente,Mecatrônica,Robôs humanoides,Falha,Engenheiro de robôs,Programador,Humor robótico,Interação,Robô como ser,Inteligência artificial,Controle,Segurança,Ameaça,Filmes,Futurismo,Fábricas,Produtividade,Eu, Robô
269,Engenharia de Defesa,Estratégico,Segurança nacional,Militar,Sistemas de armas,Ataque,Engenheiro de defesa,Militar,Humor militar,Proteção,Guerra como jogo,Geopolítica,Poder,Controle,Ameaça,Notícias militares,Realismo,Exércitos,Segurança,Guerra dos Mundos
270,Engenharia de Bioprocessos,Inovador,Produção de biomateriais,Bioquímica,Biocombustíveis,Contaminação,Engenheiro de bioprocessos,Cientista,Humor biológico,Eficiência,Processo como vida,Biotecnologia,Sustentabilidade,Produção,Perda,Artigos científicos,Otimismo,Laboratórios,Energia renovável,Gattaca
271,Engenharia de Redes Neurais,Matemático,Aprendizado de máquina,Deep Learning,Modelos de IA,Overfitting,Arquiteto de IA,Cientista de dados,Humor de IA,Otimização,Cérebro como algoritmo,Inteligência artificial,Previsão,Reconhecimento,Viés,Artigos,Ceticismo,Startups de IA,Inovação,Ex Machina
272,Engenharia de Controle e Automação,Lógico,Sistemas de controle,Eletrônica,Automação industrial,Falha de controle,Engenheiro de controle,Programador,Humor de automação,Otimização,Sinal como vida,Robótica,Eficiência,Precisão,Erro,Manuais,Racionalidade,Fábricas,Produtividade,Matrix
273,Engenharia de Confiabilidade,Preciso,Análise de falhas,Estatística,Manutenção preditiva,Quebra,Engenheiro de confiabilidade,Analista,Humor de confiabilidade,Prevenção,Sistema como organismo,Qualidade,Durabilidade,Segurança,Acidente,Relatórios,Racionalidade,Indústria,Redução de custos,Chernobyl
274,Engenharia de Usabilidade,Empático,Experiência do usuário,Design de Interação,Interfaces intuitivas,Dificuldade,Designer de UX,Pesquisador,Humor de UX,Simplificação,Usuário como centro,Psicologia,Acessibilidade,Satisfação,Frustração,Testes de usabilidade,Humanismo,Empresas de software,Design,O Dilema das Redes
275,Engenharia de Testes,Analítico,Qualidade de software,Automação de testes,Testes de regressão,Bugs,Engenheiro de testes,Testador,Humor de teste,Detecção,Código como vulnerabilidade,Desenvolvimento,Confiabilidade,Robustez,Falha,Relatórios de teste,Pragmatismo,Empresas de software,Qualidade,The Matrix
276,Engenharia de Segurança da Informação,Protetor,Proteção de dados,Criptografia,Sistemas seguros,Ataque,Cibersegurança,Hacker ético,Humor de segurança,Defesa,Dados como valor,Redes,Privacidade,Confidencialidade,Vulnerabilidade,Relatórios de segurança,Ceticismo,Empresas de tecnologia,Privacidade,Mr. Robot
277,Engenharia de Software para Web,Criativo,Aplicações web,Front-end,Plataformas interativas,Bugs,Desenvolvedor web,Designer,Humor de web,Design responsivo,Internet como tela,Programação,Usabilidade,Velocidade,Lentidão,Sites,Estética,Startups,Experiência,A Rede Social
278,Engenharia de Software Móvel,Inovador,Aplicações móveis,Mobile Development,Apps eficientes,Bugs,Desenvolvedor mobile,Designer,Humor de mobile,Performance,Celular como extensão,Programação,Usabilidade,Velocidade,Bateria,Apps,Estética,Startups,Conectividade,Jobs
279,Engenharia de Software de Banco de Dados,Preciso,Modelagem de dados,SQL,Bancos de dados escaláveis,Perda de dados,Arquiteto de dados,Desenvolvedor,Humor de DB,Confiabilidade,Dados como verdade,Programação,Performance,Segurança,Corrupção,Manuais,Racionalidade,Empresas de tecnologia,Otimização,Matrix
280,Engenharia de Software de Sistemas Distribuídos,Robusto,Tolerância a falhas,Computação Distribuída,Microsserviços,Falha de rede,Arquiteto de distribuídos,Programador,Humor de distribuídos,Disponibilidade,Rede como organismo,Programação,Escalabilidade,Resiliência,Conflito,Artigos,Funcionalismo,Empresas de tecnologia,Performance,Silicon Valley
281,Engenharia de Software de Inteligência Artificial,Inovador,Algoritmos de IA,Machine Learning,Modelos preditivos,Viés,Engenheiro de IA,Cientista de dados,Humor de IA,Otimização,Mente como código,Programação,Aprendizado,Automação,Erro,Artigos,Ceticismo,Startups de IA,Inovação,Ex Machina
282,Engenharia de Software de Big Data,Escalável,Processamento de dados massivos,Hadoop,Análise de dados,Dados sujos,Engenheiro de Big Data,Cientista de dados,Humor de Big Data,Insight,Dados como rio,Estatística,Análise,Decisão,Viés,Relatórios,Ceticismo,Empresas de dados,Monetização,Moneyball
283,Engenharia de Software Embarcado em Saúde,Ético,Dispositivos médicos,Biomedicina,Implantes inteligentes,Falha,Engenheiro de embarcados,Programador,Humor médico,Precisão,Corpo como máquina,Eletrônica,Segurança,Confiabilidade,Risco,Manuais,Responsabilidade,Hospitais,Inovação,Blade Runner
284,Engenharia de Software para Robótica,Inovador,Controle de robôs,Automação,Robôs colaborativos,Falha,Engenheiro de robótica,Programador,Humor robótico,Interação,Robô como parceiro,Mecatrônica,Controle,Segurança,Ameaça,Filmes,Futurismo,Fábricas,Produtividade,Eu, Robô
285,Engenharia de Software para Finanças,Preciso,Sistemas financeiros,Algoritmos,High-frequency trading,Fraude,Engenheiro financeiro,Programador,Humor financeiro,Performance,Dinheiro como fluxo,Matemática,Segurança,Velocidade,Risco,Relatórios financeiros,Racionalidade,Bancos,Lucro,Wall Street
286,Engenharia de Software para Logística,Eficiente,Otimização de rotas,Algoritmos,Gerenciamento de estoque,Atraso,Engenheiro de logística,Programador,Humor logístico,Produtividade,Cadeia de suprimentos como rede,Logística,Eficiência,Velocidade,Erro,Manuais,Racionalidade,Empresas de logística,Redução de custos,O Transportador
287,Engenharia de Software para Games em Nuvem,Escalável,Jogos online,Cloud Computing,Infraestrutura de jogos,Latência,Engenheiro de nuvem,Programador,Humor de nuvem,Disponibilidade,Servidor como playground,Redes,Performance,Escalabilidade,Lag,Fóruns,Otimismo,Empresas de jogos,Entretenimento,Ready Player One
288,Engenharia de Software para Segurança,Protetor,Sistemas de defesa,Criptografia,Detecção de intrusões,Vulnerabilidade,Engenheiro de segurança,Hacker ético,Humor de segurança,Prevenção,Código como escudo,Redes,Privacidade,Confiabilidade,Ataque,Relatórios,Ceticismo,Empresas de segurança,Proteção,Mr. Robot
289,Engenharia de Software para Saúde,Humanista,Prontuários eletrônicos,Análise de dados,Sistemas de diagnóstico,Erro médico,Engenheiro de saúde,Programador,Humor médico,Qualidade,Informação como cuidado,Biomedicina,Segurança,Acurácia,Privacidade,Relatórios de saúde,Responsabilidade,Hospitais,Saúde,Contágio
290,Engenharia de Software para Educação,Pedagógico,Plataformas de ensino,E-learning,Ferramentas de aprendizado,Desengajamento,Engenheiro educacional,Programador,Humor educacional,Interação,Conhecimento como código,Psicologia,Aprendizado,Engajamento,Tédio,Plataformas,Otimismo,Escolas,Democratização,A Sociedade dos Poetas Mortos
291,Engenharia de Software para Governo,Transparente,Sistemas públicos,Open Government,Serviços digitais,Burocracia,Engenheiro governamental,Programador,Humor político,Eficiência,Governo como plataforma,Legislação,Acessibilidade,Transparência,Corrupção,Portais governamentais,Funcionalismo,Órgãos públicos,Serviço público,V de Vingança
292,Engenharia de Software para Mídia,Criativo,Plataformas de streaming,Edição de vídeo,Realidade virtual,Pirateria,Engenheiro de mídia,Programador,Humor de mídia,Interação,Conteúdo como fluxo,Design,Imersão,Qualidade,Lentidão,Plataformas,Estética,Empresas de mídia,Entretenimento,The Social Network
293,Engenharia de Software para Finanças Descentralizadas (DeFi),Revolucionário,Smart Contracts,Blockchain,Aplicação de finanças,Fraude,Engenheiro DeFi,Programador,Humor de cripto,Transparência,Dinheiro como código,Criptomoedas,Segurança,Eficiência,Regulação,Whitepapers,Anarquismo,Comunidades cripto,Descentralização,Blockchain
294,Engenharia de Software para Cadeia de Suprimentos,Eficiente,Rastreabilidade,IoT,Logística inteligente,Atraso,Engenheiro de suprimentos,Programador,Humor de cadeia,Otimização,Produtos como dados,Logística,Segurança,Eficiência,Perda,Relatórios,Racionalidade,Indústria,Redução de custos,O Transportador
295,Engenharia de Software para Carros Autônomos,Inovador,Sistemas de condução,Visão Computacional,Veículos inteligentes,Acidente,Engenheiro automotivo,Programador,Humor de carro,Segurança,Carro como cérebro,Inteligência artificial,Precisão,Confiabilidade,Erro,Manuais,Responsabilidade,Indústria automotiva,Inovação,Minority Report
296,Engenharia de Software para Biotecnologia,Ético,Análise de dados genômicos,Bioinformática,Medicamentos personalizados,Dilemas éticos,Engenheiro de biotecnologia,Programador,Humor biológico,Precisão,Vida como código,Biologia,Descoberta,Cura,Contaminação,Artigos,Responsabilidade,Laboratórios,Saúde,Gattaca
297,Engenharia de Software para Energia,Sustentável,Gerenciamento de energia,Smart Grids,Redes inteligentes,Apagão,Engenheiro de energia,Programador,Humor energético,Eficiência,Energia como fluxo,Física,Segurança,Otimização,Perda,Relatórios,Racionalidade,Empresas de energia,Sustentabilidade,Uma Verdade Inconveniente
298,Engenharia de Software para Varejo,Comercial,Experiência do cliente,E-commerce,Sistemas de recomendação,Vendas baixas,Engenheiro de varejo,Programador,Humor de varejo,Engajamento,Compra como experiência,Marketing,Personalização,Eficiência,Frustração,Sites,Comportamentalismo,Varejo,Monetização,Amazon
299,Engenharia de Software para Cidades Inteligentes,Inovador,Monitoramento urbano,Sensores,Gestão de tráfego,Congestionamento,Engenheiro urbano,Programador,Humor urbano,Otimização,Cidade como sistema,IoT,Eficiência,Segurança,Privacidade,Relatórios,Utilitarismo,Cidades,Qualidade de vida,Blade Runner 2049
300,Engenharia de Software para Saúde Mental,Empático,Terapia digital,IA conversacional,Aplicativos de bem-estar,Estigma,Engenheiro de saúde mental,Programador,Humor terapêutico,Apoio,Mente como rede,Psicologia,Cuidado,Acessibilidade,Solidão,Aplicativos,Humanismo,Startups de saúde,Bem-estar,Her